-- phpMyAdmin SQL Dump
-- version 4.7.0
-- https://www.phpmyadmin.net/
--
-- Host: localhost
-- Generation Time: Oct 01, 2017 at 08:51 PM
-- Server version: 10.1.25-MariaDB
-- PHP Version: 5.6.31

SET SQL_MODE = "NO_AUTO_VALUE_ON_ZERO";
SET AUTOCOMMIT = 0;
START TRANSACTION;
SET time_zone = "+00:00";


/*!40101 SET @OLD_CHARACTER_SET_CLIENT=@@CHARACTER_SET_CLIENT */;
/*!40101 SET @OLD_CHARACTER_SET_RESULTS=@@CHARACTER_SET_RESULTS */;
/*!40101 SET @OLD_COLLATION_CONNECTION=@@COLLATION_CONNECTION */;
/*!40101 SET NAMES utf8mb4 */;

--
-- Database: `db_fish`
--

-- --------------------------------------------------------

--
-- Table structure for table `compare`
--

CREATE TABLE `compare` (
  `id` int(5) UNSIGNED NOT NULL,
  `member_id` int(5) UNSIGNED NOT NULL,
  `pool_title` varchar(100) NOT NULL,
  `pool_shape` text NOT NULL,
  `pool_detail` text NOT NULL,
  `pool_believe` text NOT NULL,
  `fish_amount` int(5) NOT NULL,
  `views` int(5) NOT NULL,
  `date_create` varchar(10) NOT NULL,
  `date_modify` varchar(10) NOT NULL
) ENGINE=InnoDB DEFAULT CHARSET=utf8;

--
-- Dumping data for table `compare`
--

INSERT INTO `compare` (`id`, `member_id`, `pool_title`, `pool_shape`, `pool_detail`, `pool_believe`, `fish_amount`, `views`, `date_create`, `date_modify`) VALUES
(15, 1, '5555', '5555', '555', '555', 3, 5, '28/05/2017', ''),
(16, 1, '66', '66', '66', '66', 2, 5, '28/05/2017', ''),
(17, 2, '999', '999', '999', '999', 3, 1, '28/05/2017', ''),
(19, 2, '1010', '1234', '1234', '1234', 3, 1, '29/05/2017', ''),
(21, 6, 'ปลารวมๆจะได้ไหมครับ', '60*30', 'ตู้โล่งๆ ไม่มีอะไรตกเเต่ง', 'จัดได้เหมาะสมหรือป่าวครับ', 4, 8, '30/05/2017', ''),
(22, 2, '888', '888', '888', '888', 2, 2, '04/06/2017', ''),
(23, 1, 'test', 'test', 'test', 'test', 1, 2, '02/10/2017', ''),
(24, 1, 'test', 'test', 'teset', 'test', 1, 2, '02/10/2017', ''),
(25, 1, 'test', 'test', 'test', 'test', 1, 1, '02/10/2017', ''),
(26, 1, 'test', 'test', 'test', 'test', 2, 1, '02/10/2017', '');

-- --------------------------------------------------------

--
-- Table structure for table `compare_comment`
--

CREATE TABLE `compare_comment` (
  `id` int(5) UNSIGNED NOT NULL,
  `compare_id` int(5) UNSIGNED NOT NULL,
  `commented_by` int(5) UNSIGNED NOT NULL,
  `detail` text,
  `date_create` varchar(19) NOT NULL,
  `date_modify` varchar(19) NOT NULL
) ENGINE=InnoDB DEFAULT CHARSET=utf8;

--
-- Dumping data for table `compare_comment`
--

INSERT INTO `compare_comment` (`id`, `compare_id`, `commented_by`, `detail`, `date_create`, `date_modify`) VALUES
(3, 15, 4, 'เยี่ยม', '28/05/2017 04:19:11', ''),
(4, 16, 4, 'เยี่ยม', '28/05/2017 04:19:22', ''),
(6, 21, 2, 'จัดได้ดีครับผม +10', '30/05/2017 04:28:37', '');

-- --------------------------------------------------------

--
-- Table structure for table `compare_detail`
--

CREATE TABLE `compare_detail` (
  `id` int(5) UNSIGNED NOT NULL,
  `compare_id` int(5) NOT NULL,
  `fish_id` int(5) UNSIGNED NOT NULL,
  `amount` varchar(3) NOT NULL
) ENGINE=InnoDB DEFAULT CHARSET=utf8;

--
-- Dumping data for table `compare_detail`
--

INSERT INTO `compare_detail` (`id`, `compare_id`, `fish_id`, `amount`) VALUES
(5, 15, 3, '1'),
(6, 15, 1, '2'),
(7, 15, 2, '3'),
(8, 16, 33, '1'),
(9, 16, 34, '1'),
(10, 17, 21, '4'),
(11, 17, 32, '3'),
(12, 17, 27, '1'),
(13, 18, 1, '3'),
(14, 19, 1, '1'),
(15, 19, 2, '1'),
(16, 19, 7, '1'),
(17, 20, 7, '1'),
(18, 20, 11, '2'),
(19, 21, 37, '4'),
(20, 21, 17, '3'),
(21, 21, 24, '2'),
(22, 21, 33, '1'),
(23, 22, 1, '1'),
(24, 22, 2, '1'),
(25, 25, 4, '1'),
(26, 25, 7, '1'),
(27, 26, 3, '1'),
(28, 26, 7, '1');

-- --------------------------------------------------------

--
-- Table structure for table `contact`
--

CREATE TABLE `contact` (
  `id` int(5) NOT NULL,
  `address` text NOT NULL,
  `email` tinytext NOT NULL,
  `phone` tinytext NOT NULL,
  `latt` tinytext NOT NULL,
  `longt` tinytext NOT NULL
) ENGINE=InnoDB DEFAULT CHARSET=latin1;

--
-- Dumping data for table `contact`
--

INSERT INTO `contact` (`id`, `address`, `email`, `phone`, `latt`, `longt`) VALUES
(1, '<p>address Rattanakosin Wangkaikangwon&nbsp;</p>\r\n\r\n<p>city Huahin</p>\r\n\r\n<p>province 77110</p>\r\n\r\n<p>zipcode</p>\r\n', 'admin@email.com', '0980166346', '12.56343 ', '99.95972');

-- --------------------------------------------------------

--
-- Table structure for table `container`
--

CREATE TABLE `container` (
  `id` int(5) UNSIGNED NOT NULL,
  `name` varchar(100) NOT NULL,
  `detail` text NOT NULL
) ENGINE=InnoDB DEFAULT CHARSET=utf8;

--
-- Dumping data for table `container`
--

INSERT INTO `container` (`id`, `name`, `detail`) VALUES
(1, 'ตู้กระจกโล่งๆ', ''),
(2, 'ตู้กระจกที่ปูด้วยพื้นทรายหรือหินกรวดเม็ดเล็กๆ', ''),
(3, 'ตู้กระจกพื้นน้ำอาจมีดินโคลนไว้เป็นเเหล่งอำพลางตัว', ''),
(4, 'บ่อคอนกรีตหรือบ่ออคิริคที่เเข็งเเรงกันปลากระเเทก', ''),
(5, 'ตู้กระจก มีต้นไม้ ขอนไม้ หรือภาชนะสำหรับหลบภัยต่างๆ', ''),
(6, 'เสริมดวงชะตาราศรี', 'เสริมดวงชะตาราศรี');

-- --------------------------------------------------------

--
-- Table structure for table `feed`
--

CREATE TABLE `feed` (
  `id` int(5) UNSIGNED NOT NULL,
  `name` varchar(100) NOT NULL,
  `detail` text NOT NULL
) ENGINE=InnoDB DEFAULT CHARSET=utf8;

--
-- Dumping data for table `feed`
--

INSERT INTO `feed` (`id`, `name`, `detail`) VALUES
(1, 'กินพืชหรือเเพงต์ตอนใต้น้ำ', 'กินพืชเช่นเเพงก์ตอน,ตะไคร่น้ำ เป็นต้น'),
(2, 'กินพืชและสัตว์น้ำที่มีขนาดเล็กกว่า', 'กินได้ทั้งพืชทั้งสัตว์ รวมไปถึงซากปลาที่ตายเเล้ว'),
(3, 'กินสัตว์น้ำที่มีขนาดเล็กกว่า', 'กินสัตว์น้ำขนาดเล็กกว่าปากของมัน เช่น กุ้ง หอย ปลาตัวเล็ก กบ ตะขาบ จิ้งจก เป็นต้น'),
(4, 'กินสัตว์น้ำโดยไม่สนใจขนาด', 'กินสัตว์น้ำเป็นอาหาร เช่นกบ ตะขาบ ปลาตัวเล็กกว่า หรือเเม้กระทั้งปลาที่รูปร่างใกล้เคียงกันถ้ามันเกิดหิวขึ้นมามันก็พร้อมที่จะโจมตี');

-- --------------------------------------------------------

--
-- Table structure for table `fish`
--

CREATE TABLE `fish` (
  `id` int(5) UNSIGNED NOT NULL,
  `member_id` int(5) UNSIGNED NOT NULL,
  `fullname` varchar(150) NOT NULL,
  `org_name` varchar(150) NOT NULL,
  `sci_name` varchar(150) NOT NULL,
  `fam_name` varchar(150) NOT NULL,
  `fullsize` varchar(5) NOT NULL,
  `fullage` varchar(5) NOT NULL,
  `picture` varchar(36) NOT NULL,
  `local` text NOT NULL,
  `detail` text NOT NULL,
  `believe` text NOT NULL,
  `halo_id` int(5) UNSIGNED NOT NULL,
  `nature_id` int(5) UNSIGNED NOT NULL,
  `feed_id` int(5) UNSIGNED NOT NULL,
  `living_id` int(5) UNSIGNED NOT NULL,
  `container_id` int(5) UNSIGNED NOT NULL,
  `date_create` varchar(10) NOT NULL,
  `date_modify` varchar(10) NOT NULL
) ENGINE=InnoDB DEFAULT CHARSET=utf8;

--
-- Dumping data for table `fish`
--

INSERT INTO `fish` (`id`, `member_id`, `fullname`, `org_name`, `sci_name`, `fam_name`, `fullsize`, `fullage`, `picture`, `local`, `detail`, `believe`, `halo_id`, `nature_id`, `feed_id`, `living_id`, `container_id`, `date_create`, `date_modify`) VALUES
(1, 1, 'ปลาอามาทัส ', '', '', '', '70', '15', '685e740076e2084bfeba255ab9d9fd46.jpg', '', '     1.ปลาอามาทัส (ชื่อวิทยาศาสตร์: Hydrolycus armatus) ปลาน้ำจืดชนิดหนึ่ง ในวงศ์ปลาฟันสุนัข (Cynodontidae) ในอันดับปลาคาราซินรูปร่างคล้ายกับ ปลาสคอมบิรอยด์ (H. scomberoides) มาก ซึ่งเป็นปลาที่อยู่ในสกุลเดียวกันมาก ต่างกันที่ปลาอามาทัสมีครีบทุกครีบเล็กกว่า และมีสีแดง ครีบไขมันสีส้มเข้ม หัวมีขนาดใหญ่กว่าและหักลง ไม่ชี้ขึ้นเหมือนปลาสคอมบีรอยด์ และลำตัวเป็นสีเหลืองทองในปลาขนาดเล็ก แต่จะเปลี่ยนเป็นสีเงินวาวเมื่อปลามีขนาดใหญ่ขึ้น นอกจากนี้แล้ว จุดเด่นที่สำคัญคืออีกประการหนึ่งคือ เมื่อปลาโตเต็มที่ เขี้ยวคู่ล่างที่กรามล่างจะยาวแหลมออกมาจากปากอย่างเห็นได้ชัดนับว่าเป็นปลาที่มีฟันเขี้ยวใหญ่และแหลมคมที่สุดสำหรับปลาในวงศ์นี้\r\n    2.มีพฤติกรรมชอบอยู่รวมเป็นฝูงในระดับกลางน้ำในปลาวัยเล็ก หากินโดยล่าปลาและกุ้งต่าง ๆ เป็นอาหาร และถึงแม้ว่าจะเป็นปลาที่มีขนาดใหญ่กว่าก็ตาม ก็สามารถใช้ปากและเขี้ยวที่แหลมคมนี้จับและกลืนกินได้ รวมถึงมีพฤติกรรมกินพวกเดียวกันที่ขนาดเล็กกว่าด้วย\r\n    3.พบกระจายพันธุ์ในแม่น้ำอเมซอนและสาขา, ลุ่มแม่น้ำโอริโนโค รวมถึงแม่น้ำกายอานา\r\n\r\n', '-', 0, 3, 3, 3, 1, '', '17/05/2017'),
(2, 1, 'ปลามังกร หรือ ปลาอโรวาน่า', '', '', '', '90', '10', '47ef96a3f86e31bbe2c386cd81f76e96.jpg', '', 'เป็นปลาพัดลมที่อยู่ในเอเชีย มีสีสันโดดเด่น ชอบว่ายอยู่บริเวณผิวน้ำเเละไม่สามารถเลี้ยงรวมกับปลามังกรชนิดเดียวกันได้ เพราจะทำร้ายกันเพื่อเเย่งกันเป็นจ่าฝูง', 'เป็นปลาที่คนจีนนิยมเลี้ยงเพราะมีลักษณะที่โดดเด่นหน้าเกรมขาม ทำให้เสริมบารมีเเก่ผู้เลี้ยงได้', 0, 3, 3, 1, 4, '', '26/05/2017'),
(3, 1, 'ปลาแรด', '', '', '', '70', '15', '874b6fe3a7d9595bf62f13a89e085b7d.jpg', '', 'ปลาแรด (อังกฤษ: Giant gourami; ชื่อวิทยาศาสตร์: Osphronemus goramy) เป็นปลาน้ำจืดขนาดใหญ่ชนิดหนึ่งในวงศ์ Osphroneminae ซึ่งอยู่ในวงศ์ใหญ่ Osphronemidae นับเป็นปลาแรดชนิดที่เป็นที่รู้จักมากที่สุด\r\n\r\n     1.ลำตัวป้อมและแบนข้าง เกล็ดสากมือเป็นรูปหยัก มีก้านครีบท้องคู่แรกเป็นเส้นเรียวยาวคล้ายหนวด ใช้สำหรับสัมผัส ปลายหางมนกลม ปากแหลม ริมฝีปากหนา ภายในปากมีฟันซี่เล็ก ๆ แหลมคมเรียงอยู่ภายใน ส่วนหัวเล็กและป้าน เมื่อโตขึ้นมาโดยเฉพาะในปลาตัวผู้จะมีโหนกนูนขึ้นมาเรื่อย ๆ จนดูคล้ายนอแรด อันเป็นที่มาของชื่อสามัญในภาษาไทย โคนหางมีจุดสีดำคล้ำอยู่ทั้ง 2 ข้าง เมื่อโตขึ้นจุดดังกล่าวจะหายไป รวมทั้งอวัยวะส่วนอื่น ๆ เช่น ริมฝีปาก หรือขากรรไกรที่ใหญ่กว่าตัวเมีย ขณะที่ปลาตัวเมียจะมีจุดสีดำที่บริเวณโคนครีบอกทั้ง 2 ข้าง ส่วนตัวผู้ไม่มี\r\n      2.เป็นปลาที่กินพืช  มีการกระจายพันธุ์ทั่วไปในภูมิภาคเอเชียตะวันออกเฉียงใต้ ทั้งในส่วนที่เป็นแผ่นดินใหญ่ และที่เป็นหมู่เกาะ ในประเทศไทยพบได้ในพื้นที่ภาคกลางและบางส่วนของภาคใต้ มีขนาดโตเต็มที่ได้ถึง 90 เซนติเมตร จึงนับว่าเป็นปลาชนิดที่ใหญ่ที่สุดในวงศ์ Osphronemidae แต่ว่าขนาดโดยเฉลี่ยทั่วไปจะมีขนาดประมาณ 30-40 เซนติเมตร\r\n\r\n', 'เป็นปลาพื้นเมืองของไทยมีนานมากเเล้ว เป็นปลาที่ความเฉลียวฉลาด ถึงรูปลักษณ์อาจจะดูน่ากลัว สามารถฝึกเรียกให้มากินอาหารในมือได้อีกด้วย', 0, 1, 1, 4, 1, '', '17/05/2017'),
(4, 1, 'ปลาไหลมอเร่ เสือดาว', '', '', '', '70', '9', '549b62a5063819f43768db36135a3280.jpg', '', 'เป็นหนึ่งในปลาตัวโปรดของนักสะสม มีถิ่งกำเนิดแถบปาปัวนิวกีนีถึงออสเตรเลียตอนบน หน้าตาเหมือนปลาไหลทะเลทุกประการ สามารถโตเต็มที่ได้ถึง 90-100 ซม.\r\n-เลี้ยงง่ายมากเนื้อกุ้งเนื้อปลาสด บางตัวฝึกอาหารสำเหร็จรูปได้ สามารถรวมกับปลาอื่นที่มีขนาดใหญ่กว่าได้ อาจจะหาที่หลบจำพวกถ้ำหรือท่อพีวีซีให้เป็นที่ระวังภัย เพื่อลดความเครียดของปลา ข้อควรระวัง ที่เลี้ยงต้องมีที่ปิดมิดชิด นานๆจะมีเข้ามาที\r\n\r\n', 'ไม่มี', 0, 3, 3, 4, 5, '', '17/05/2017'),
(7, 1, 'วูล์ฟฟิช หมาบ้าแห่งอเมซอน', '', '', '', '110', '12', 'fb34a13bc9a3e04dd8b208dfdb0c7ffa.jpg', '', '      อาจจะเป็นปลาน้ำจืดที่มีความดุร้ายที่สุดในโลกชนิดหนึ่ง น้ำหนักเฉลี่ยประมาณ 40 กิโลกรัม ลักษณะเด่นที่สำคัญของไอมาร่า คือ มีส่วนหัวที่เรียวแหลม ส่วนหลังบริเวณครีบหลังยกสูง มองภาพโดยรวมของลำตัวมีลักษณะเป็นสามเหลี่ยมฐานกว้าง มากกว่าเป็นรูปทรงกระบอก ลวดลายบนลำตัว มีลักษณะเป็นแถบขนาดใหญ่สีเข้ม\r\n      วูล์ฟฟิช เป็นปลาที่อาศัยอยู่ในแหล่งน้ำไหลเชี่ยวขนาดใหญ่ ขึ้นไปจนถึงหุบเขา แน่นอนครับว่าย่อมเป็นน้ำใสสะอาด และมีออกซิเจนละลายอยู่ในปริมาณสูงมากแน่นอน นอกจากนั้นยังพบทั่วไปในน้ำไหลเอื่อยๆ น้ำนิ่งๆขุ่นๆ แบลควอเตอร์\r\n      วูล์ฟฟิช เป็นปลาที่แข็งแรง พละกำลังมาก อดทน จึงจัดเป็นปลาที่เหมาะสำหรับมือใหม่หรือผู้หัดเลี้ยงซึ่งผ่านการศึกษาเบสิกมาบ้างแล้วอย่างไม่ยากเย็นนัก ด้วยนิสัยที่ชอบอยู่นิ่งๆ หรือซุ่มรออาหาร ไม่รวมฝูง บอกให้เราทราบว่า มันเป็นปลาที่หวงถิ่น และไม่ชอบให้ใครเข้ามาใกล้ๆแม้แต่พวกเดียวกันก็ตาม นิสัยอีกอย่างที่ดูจากภายนอกแล้วคาดไม่ถึง ก็คือ มันเป็นปลาที่กระโดดเก่งมากๆครับ ', 'เป็นปลาที่ดุร้าย เเสดงถึงความไม่กลัวอะไรทั้งสิ้น', 0, 4, 3, 1, 3, '', '17/05/2017'),
(11, 1, 'ปลาไทเกอร์โกไลแอต (ลุ่มน้ำอเมซอน)', '', '', '', '120', '15', '5159445c07977e301b0ef4cd06c45db1.jpg', '', 'อาศัยหากินอยู่บริเวณกลางน้ำและผิวน้ำ และชอบอยู่รวมกันเป็นฝูง แต่เมื่อล่าเหยื่อจะออกล่าเพียงลำพัง โดยมักจะจู่โจมเหยื่อที่มีแสงสะท้อนระยิบระยับหรือมีเสียงหรือมีแรงกระเพื่อมของน้ำ โดยปลาแอฟริกันไทเกอร์ชนิดนี้เคยมีรายงานว่าทำร้ายมนุษย์จนถึงแก่ความตายมาแล้วด้วย', 'เป็นปลามีฟันแหลมคมขนาดใหญ่เรียงอยู่ทั้งหมด 36 ซี่ เท่ากับปลาฉลามขาว เเข็งเเรง รวดเร็ว ', 0, 2, 4, 4, 1, '', '17/05/2017'),
(13, 1, 'ปลาชะโด (Giant snakehead)', '', '', '', '120', '10', 'f13e6cb021f6f57c18d506f0980bb957.jpg', '', '         นอกจากจะเป็นปลาที่ใหญ่ที่สุดในวงศ์นี้แล้ว ยังมีอัตราการเจริญเติบโตเร็วที่สุดในวงศ์ปลาช่อน และยังมีอุปนิสัยดุร้ายมากที่สุดด้วย โดยเฉพาะอย่างยิ่งในฤดูผสมพันธุ์ปลาตัวผู้ซึ่งเป็นผู้ดูแลไข่และลูกอ่อน จะกัดและทำร้ายสัตว์ทุกชนิดที่ผ่านเข้ามาใกล้รัง ไม่เว้นแม้กระทั่งมนุษย์ จึงมักมีผู้ถูกปลาชะโดกัดทำร้ายบ่อย ๆ ในช่วงนี้ ฤดูผสมพันธุ์ของปลาชะโดจะมีขึ้นในเดือนกรกฎาคม-กันยายน\r\n          เป็นปลาที่พบได้ทุกภาคของประเทศ และพบในประเทศใกล้เคียงเช่น มาเลเซีย, อินโดนีเชีย ตอนใต้ของจีน และประเทศอื่น ๆ ในภูมิภาคเอเชียตะวันออกเฉียงใต้ ด้วย', 'เป็นปลาที่อดทน สามารถอยู่ในเเหล่งน้ำที่มีอ๊อกซิเจนน้อยได้ นับเป็นสุดยอดปลาพันธ์อึด  เคยมีข่าวว่าทำร้ายมนุษย์เพราะมนุษย์เข้าไปใกล้เเหล่งที่เเม่ปลาชะโดเลี้ยงลูกอยู่ ', 0, 5, 4, 2, 3, '', '17/05/2017'),
(15, 1, 'ปลาเรดเทลแคทฟิช ( ไอ้หัวโต)', '', '', '', '130', '15', '18a0785b892ae549ef932886069a6f55.jpg', '', '         ปลาเรดเทลแคทฟิช เป็นปลาที่หากินตามท้องน้ำ โดยกินอาหารได้แก่ ปลาขนาดเล็กกว่าและสามารถกินได้ถึงขนาดที่เท่าตัวหรือใหญ่กว่าได้ ด้วยการกลืนเข้าไปทั้งตัวโดยไม่เคี้ยว เป็นปลาที่ตะกละ กินจุ กินไม่เลือก และเจริญเติบโตได้เร็วมาก โดยเฉพาะลูกปลา\r\n         พบกระจายพันธุ์ในลุ่มแม่น้ำอเมซอน, โอริโนโค และเอสเซคิวโบ ', '-', 0, 2, 3, 4, 4, '', '17/05/2017'),
(17, 1, 'ปลาเสือตอลายใหญ่', '', '', '', '80', '11', 'b8ed9bc988062bed9b8be425cf3e12d5.jpg', '', '        ลักษณะที่เป็นความสวยงามเฉพาะตัวของปลาเสือตอคือ รูปทรงที่แบนกว้าง มีพื้นสีเหลืองสดใส มีลายดำพาดขวางลำตัวอย่างได้ส่วน เวลาเคลื่อนไหวครีบบนครีบล่างส่วนท้ายอ่อนพลิ้ว ครีบท้องหรือครีบตะเกียบมีสีเหลืองตัดสีดำเหยียดตรง มีชายพู่ตะเกียบ 3-4 เส้น ดูสง่างามโดยเฉพาะเวลาตามเหยื่อ หนามแข็งส่วนหน้าของครีบจะชี้ตัวขึ้น ครีบหนามล่างจะเหยียดลงทำให้ดูสวยงาม ปกติชอบอาศัยอยู่ตามแหล่งน้ำที่มีตอไม้จึงจะได้ชื่อว่า \"ปลาเสือตอ\"\r\n         ในแหล่งน้ำธรรมชาติ ปลาเสือตอจะอาศัยอยู่บริเวณน้ำลึกในฤดูร้อนเพื่อวางไข่และย้ายตำแหน่งในฤดูน้ำหลาก ปลาเสือตอขนาดเล็กในแหล่งน้ำธรรมชาติกินอาหารประเภทสัตว์น้ำขนาดเล็กแทบทุกชนิด ส่วนปลาเสือตอขนาดใหญ่ชอบกินกุ้งฝอยและลูกปลา ', 'เป็นปลาที่สวยงาม  มีสีเหลืองกล้วย เเละมีลายเป็นเส้นๆฟาดระหว่างตัวเหมือนเสือ  ด้านความเชื่อ นิยมเลี้ยงกับปลามังกรเเละปลาอินซีเนตที่เปรียบเหมือนหงส์ ', 0, 1, 3, 4, 5, '', '17/05/2017'),
(18, 1, 'ปลาอินซีเน็ตหางแดง', '', '', '', '30', '7', '0436595144942b664a37b7fb2450c9f1.jpg', '', '          มีรูปร่างทั่วไปคล้ายปลาในวงศ์ปลาตะเพียน (Cyprinidae) มาก ดวงตากลมโต ริมฝีปากหนาและใหญ่ และปากขยับไปมาตลอดเวลา เกล็ดมีขนาดเล็กมีสีเงินแวววาว เมื่อยังเล็กจะมีลายแถบและจุดสีดำกระจายอยู่บริเวณลำตัวค่อนไปทางโคนหาง มีเกล็ดบริเวณเส้นข้างลำตัวประมาณ 48 เกล็ด โคนหางคอดเล็ก ครีบท้องมีสีแดงสด ครีบหลังมีขนาดใหญ่และตั้งชี้ขึ้น ซึ่งครีบเหล่านี้เมื่อปลาโตขึ้นจะยิ่งชี้แหลมและสีสดยิ่งขึ้น ในบางตัวปลายครีบหลังอาจแหลมยาวคล้ายปลายผืนธง ครีบหางเป็น 2 แฉก มีขนาดใหญ่ ครีบหางและครีบก้นมีลายแถบสีดำเป็นทางตรงบนพื้นสีแดง\r\n         เป็นปลาที่ชอบอยู่รวมกันเป็นฝูงใหญ่ กินอาหารได้ทั้งพืชและสัตว์ พบกระจายพันธุ์ในลุ่มแม่น้ำอเมซอน ในทวีปอเมริกาใต้ โดยใช้ปากที่ขยับไปมาตลอดนั้นตอดอาหารจำพวกอินทรีย์วัตถุหากินตามพื้นน้ำหรือตะไคร่น้ำที่เกาะตามแก่งหินต่าง ๆ\r\n', 'เป็นปลาที่มีลักษณะสวยงาม ในทางความเชื่อนั้น ต้องเลี้ยงรวมกัน3สายพันธ์ คือปลาอโรวาน่า ปลาเสือตอ เเละปลาอินซีเนต  เปรียบเสมือนมี3สัตว์ในตำนานความเชื่อ คือ มังกร เสือ หงส์', 0, 1, 2, 4, 2, '', '17/05/2017'),
(19, 1, 'ปลาหมูอินโด( Clown loach)', '', '', '', '30', '7', 'c0335ca2cbb0e0f41a14d981cfdf16d0.jpg', '', '       ปลาหมูอินโดเนเซีย  มีลำตัวลักษณะกลมยาวรี แบนข้างเล็กน้อย ปกคลุมด้วยเกล็ดขนาดเล็กละเอียด มีปากขนาดเล็กแหลม มีหนวดสั้น ๆ ที่ริมฝีปาก 2 คู่ มีตาขนาดเล็ก ใต้ตาจะมีหนามแหลมสั้นทั้งสองข้าง สามารถกางออกมาป้องกันตัวได้ ลำตัวมีสีเหลืองอมส้ม มีแถบสีดำขนาดใหญ่ขอบสีขาวพาดขวางลำตัว 3 แถบ คือ พาดผ่านลูกตา 1 แถบ พาดลำตัวช่วงต้นคอรอบอก 1 แถบ ใกล้โคนหาง โดยพาดจากครีบหลังถึงครีบทวาร 1 แถบ ครีบว่ายและครีบหางมีสีแดง ครีบนอกนั้นมีสีดำ จัดเป็นปลาที่มีขนาดใหญ่ในวงศ์นี้ชนิดหนึ่ง คือ สามารถโตเต็มที่ได้ราว 1 ฟุต มีถิ่นกำเนิดที่เกาะบอร์เนียวและสุมาตรา ในอินโดนีเซีย\r\n       นิยมเลี้ยงเป็นปลาสวยงามกันมาก โดยจะเลี้ยงเป็นปลาที่เก็บเศษอาหารที่ปลาอื่นกินเหลือในตู้ เนื่องจากเป็นปลาที่หากินตามพื้นน้ำ', 'สีสันที่สวยงามสะดุดตา รวมทั้งอุปนิสัยที่ไม่ดุร้ายสามารถอยู่รวมกับปลาชนิดอื่น ๆ ได้เป็นอย่างดี จึงนิยมเลี้ยงเป็นปลาสวยงามกันมาก \r\nเป็นปลาที่เก็บกินเศษอาหารตามพื้น ชอบอาศัยตามพื้นน้ำ', 0, 1, 1, 4, 2, '', '17/05/2017'),
(20, 1, 'ปลาซัคเกอร์', '', '', '', '22', '33', 'ece3a572362d5f00327c5bd7ab4af3a5.jpg', '', '           พูดถึง ปลาซัคเกอร์ เพื่อนๆ หลายคน คงร้องยี้ ด้วยรูปร่างหน้าตา ที่น่าเกลียด น่ากลัว ปากดูด จุ๊บๆ จ๊วบ ๆ ลำตัวที่เป็นเกราะ สีดำ บางคนเรียก ปลาชนิดนี้ ว่า ปลาตุ๊กแก ปลาซัคเกอร์ ได้ถูกนำเข้ามา ในประเทศไทย เป็นเวลาหลายสิบปีแล้ว มีถิ่นกำเนิดจาก ลุ่มน้ำต่างๆ ในทวีป อเมริกาใต้ ด้วยคุณลักษณะ ประจำตัว ที่ชอบดูด ตะไคร่ ดูดหาเศษ อาหาร ตามพื้นตู้ เหล่านักเลี้ยงจึง มอบหมาย ให้เป็น พนักงานเทศบาล ประจำตู้ หรือบ่อ ไปโดยปริยาย\r\n          ปลาซัคเกอร์ที่พบในธรรมชาติจะอาศัยอยู่ตามลำธารน้ำ ที่มีน้ำไหลผ่านตลอดเวลา โดยปากจะมีลักษณะพิเศษสามารถดูดติดกับก้อนหินได้ เพื่อมิให้ไหลตามกระแสน้ำไป โดยธรรมชาติเป็นปลาที่ขี้อายจะอาศัยหลบอยู่ตามซอกหิน ใช้ปากดูดกินตะไคร่และสิ่งมีชีวิตเล็กๆที่ลอยมาตามน้ำ บริเวณที่ปลาอาศัยอยู่น้ำจะใสสะอาดและมีอ๊อกซิเจนอยู่ในปริมาณสูง ดังนั้นเมื่อผู้เลี้ยงนำปลามาเลี้ยงควรที่จะจัดสภาพแวดล้อมให้มีลักษณะ คล้ายกับ ธรรมชาติที่ปล าเคยอาศัยอยู่', ' -', 0, 1, 2, 1, 1, '', '17/05/2017'),
(21, 1, 'ปลาปอมปาดัวร์', '', '', '', '25', '7', '3b1f78ba24305dbff018b966c7d942a4.jpg', '', '       มีรูปร่างทรงกลมเป็นรูปไข่คล้ายจาน ลำตัวแบนข้างมากเหมือนปลาเทวดา ครีบหลังและครีบท้องเรียงเป็นแถวยาวตลอดจนถึงโคนครีบหาง มีลวดลายและสีสันบนลำตัวหลายหลากสีสวยงามตามชนิด มีถิ่นกำเนิดในลุ่มแม่น้ำอเมซอนในทวีปอเมริกาใต้ มีขนาดใหญ่เต็มที่ไม่เกิน 7 นิ้ว มักอาศัยรวมกันเป็นในระดับกลางน้ำที่ไหลเอื่อย ๆ มีพุ่มไม้น้ำขึ้นหนาแน่น มีค่าความเป็นกรดเป็นด่างของน้ำ (pH) ราว 6.4-7.5', 'ปลาปอมปาดัวร์เป็นปลาที่มีสัสันสวยงามมาก จนได้รับฉายาว่า \"ราชินีแห่งปลาตู้\"', 0, 1, 2, 4, 1, '', '17/05/2017'),
(22, 1, 'ปลาตองลาย(เเม่น้ำโขง)', '', '', '', '60', '10', '38e911d2795eb3a81c3fa9e4ce5f4675.jpg', '', '          เป็นปลาที่พบได้เฉพาะแม่น้ำโขงและลำน้ำสาขาที่ไหลสู่แม่น้ำโขง โดยมีรายงานพบเมื่อปี พ.ศ. 2510 และมีรายงานพบที่แม่น้ำน่านด้วยเมื่อไม่นานมานี้ ซึ่งถือว่าเป็นมีแค่เพียงสองแหล่งนี้ในโลกเท่านั้น เป็นปลาที่หายากชนิดหนึ่ง โดยมีชื่อติดอยู่ในบัญชีแดงของสหภาพเพื่อการอนุรักษ์ธรรมชาติ (IUCN Red List) เมื่อปี พ.ศ. 2537 ด้วย โดยอยู่ในระดับหายาก', 'เป็นปลาที่หายาก ถ้าใครมีไว้ครอบครองนับว่าเป็นปลาที่ผู้ที่รักเลี้ยงปลาทุกคนต้องลองเลี้ยงสักครั้งนึง', 0, 3, 3, 2, 1, '', '17/05/2017'),
(23, 1, 'แฟนซี คาร์ฟ (Fancy carp)', '', '', '', '135', '25', '380bbad1d549d9edb61097548762bda8.jpg', '', '     ลักษณะทั่วไป : โดยทั่วไปปลาเพศเมียจะมีความกว้างของลำตัวมากกว่าปลาเพศผู้ บริเวณส่วนท้องจะใหญ่ นิ่ม ช่วงหัวจะกลม และป้านกว่าเพศผู้  ในฤดูสืบพันธุ์ปลาเพศเมียที่มีไข่แก่สมบูรณ์  จะมีส่วนท้องขยายกว้าง ใหญ่ออกจนถึงเกือบจะเป็นรูปสามเหลี่ยม  เมื่อจับหงายท้องดูที่ช่องเพศจะสังเกตเห็นช่องเพศใหญ่และนูน  ออกเป็นรูปกลม ส่วนปลาเพศผู้ช่องเพศมีลักษณะเล็กเรียวกว่า และเว้าข้างในเล็กน้อย  เมื่อจับรีดท้องเพียงเบา ๆ จะมีน้ำเชื้อสีขาวไหลออกมา และเมื่อเอามือลูบบริเวณแก้มหรือครีบหูจะรู้สึกสาก ๆ\r\n     \r\n     ที่อยู่อาศัย : ดำรงชีวิตอยู่ในแหล่งน้ำจืด ที่มีอุณหภูมิที่แตกต่างกันได้ดีมาก แม้ในสภาพอากาศร้อนปลาชนิดนี้\r\nก็สามารถปรับตัวให้เข้ากับสภาพอากาศได้ จึงแพร่ขยายพันธุ์ออกไปได้ทั่วโลก', 'เป็นปลาที่มีความเชื่อว่า ถ้าเลี้ยงจะนำโชคลาภเข้ามาภายในบ้าน นิยมเลี้ยงกันมาก โดยเฉพาะประเทศญี่ปุ่น เป็นปลาที่มีความอดทนสูง ชอบว่ายทวนน้ำเพื่อไปวางไข่ ', 0, 1, 1, 3, 4, '', '17/05/2017'),
(24, 1, 'ปลาเสือพ่นน้ำ(Archer fish)', '', '', '', '25', '9', '6b418cfe162eec9f313e786b29a11368.jpg', '', '        ปลาเสือพ่นน้ำ (Toxotidae) มีรูปร่างเป็นสามเหลี่ยม ปากกว้างมีขนาดใหญ่เฉียงลงด้านล่างและจะงอยปากยืดหดได้ มีตากลมโต เกล็ดสาก ครีบหลังแบ่งออกเป็น 2 ตอน ตอนแรกเป็นครีบแข็ง ตอนหลังเป็นครีบอ่อนมีลักษณะใสโปร่งแสง พื้นลำตัวสีขาวอมเหลือง มีจุดวงกลมสีดำขนาดใหญ่ ประมาณ 3-4 จุด ซึ่งนับว่าปลาเสือพ่นน้ำชนิดนี้เป็นปลาเสือพ่นน้ำชนิดที่มีจุดวงกลมนี้มากที่สุด และเป็นปลาเสือพ่นน้ำที่พบได้มากและแพร่หลายที่สุด\r\n       ขนาดโตเต็มที่ประมาณ 30-40 เซนติเมตร นิยมว่ายหากินอยู่ตามผิวน้ำเป็นฝูงเล็ก ๆ ไม่เกิน 20 ตัว พบได้ตามแม่น้ำลำคลองทั่วไปจนถึงเขตน้ำกร่อยเช่น ป่าชายเลน ในภูมิภาคเอเชียตะวันออกเฉียงใต้รวมถึงประเทศไทยด้วย สามารถฉีดพ่นน้ำจากปากใส่แมลงที่อยู่เหนือน้ำได้เหมือนปืนฉีดน้ำ ', '-', 0, 1, 3, 3, 5, '', '17/05/2017'),
(25, 1, 'ปลาพีค็อกแบส(Peacock bass)', '', '', '', '60', '10', '24586c54e9387bf55d8c0913220fbbc7.jpg', '', '           มีลักษณะลำตัวทั่วไป มีส่วนหัวขนาดใหญ่ ริมฝีปากหนา ลำตัวยาว พื้นลำตัวเป็นสีเขียวอมส้ม เป็นปลาที่ดวงตาขนาดใหญ่ และสายตาดี มีพละกำลังมากมาย เป็นปลากินเนื้อที่มีขนาดกลางจนถึงขนาดใหญ่ โดยชนิดที่ใหญ่ที่สุด อาจยาวได้ถึง 30 นิ้ว จัดเป็นปลากินเนื้อน้ำจืดที่มีขนาดใหญ่ที่สุดจำพวกหนึ่งที่พบได้ในทวีปอเมริกาใต้\r\n           ขณะที่ยังเป็นลูกปลาวัยอ่อนอยู่ จะมีสีอ่อนกว่าปลาที่เต็มวัย และมีแถบสีดำขนานกับลำตัวของตั้งแต่แก้มไปจนถึงหาง เมื่อโต แถบดังกล่าวจะหายไป', 'เหตุที่ได้ชื่อปลา พีค๊อก เบส ก็มีอยากลักษณะของตัวปลาที่สีสันสวยงาม เเละหางก็มีลักษณะเหมือนนกยูง นับเป็นปลาที่คนนิยมเลี้ยงในตู้ปลาเเละนิยมเป็นปลาที่ใช้ตกได้ เพราะเป็นปลาที่มีพละกำลังเยอะ', 0, 3, 3, 3, 1, '', '17/05/2017'),
(26, 1, 'ปลาเงินปลาทอง(goldfish)', '', '', '', '15', '3', '319f4178f558d5933086ff2394f5e37d.jpg', '', '           ปลาทองมีรูปร่างอ้วน ป้อม มีเกล็ดแบบบางเรียบ ครีบอกกลมแบน ครีบหางเป็นรูปพัด เป็นปลากินพืช และแมลงน้ำขนาดเล็กเป็นอาหาร เป็นปลาที่ตะกละสามารถกินอาหารได้ตลอดทั้งวัน ตัวผู้เมื่อถึงฤดูผสมพันธุ์จะมีตุ่มสิวขึ้นตามครีบอกและใบหน้า ปลาตัวท้องช่องท้องจะอูมเป่งออก วางไข่ตามพืชน้ำ ไข่ใช้เวลาฟักตัวประมาณ 2 วัน', '              การเลี้ยงปลาทองยังอยู่ในความเชื่อของชาวจีนอีกด้วยว่าก่อให้เกิดโชคลาภ โดยว่ากันตามหลักฮวงจุ้ยว่ากันด้วยเรื่องจำนวนของปลาที่เลี้ยง, สีของปลา และตำแหน่งการวางตู้ปลาหรือบ่อเลี้ยงด้วย ซึ่งแตกต่างออกไปตามลักษณะของบ้านและเจ้าของ โดยมากจะมักเลี้ยงเป็นจำนวน 9 ตัว เป็นปลาสีแดง 1 ตัว ร่วมกับปลาสีอื่น ๆ และปลาสีดำ 1 ตัว และยังเชื่ออีกด้วยว่าปลาทองสามารถรับเคราะห์แทนผู้เป็นเจ้าของได้', 0, 1, 1, 3, 1, '', '17/05/2017'),
(27, 1, 'ปลาฉลามหัวบาตร', '', '', '', '350', '30', 'd7a3e0e1cb0d3cb4bc661430800b0c52.jpg', '', '   มีรูปร่างอ้วนป้อม หัวกลมป้านมีขนาดใหญ่ ข้อที่สองครีบหลังเป็นกระโดงรูปสามเหลี่ยมมุมป้าน มีนิสัยดุร้าย กินปลาและสัตว์ต่าง ๆ ในน้ำเป็นอาหาร รวมทั้งอาจทำร้ายมนุษย์ได้ด้วย พบอาศัยในทะเลเขตอบอุ่นและเขตร้อนทั่วโลก โดยเฉพาะบริเวณชายฝั่ง ขนาดโตเต็มที่ได้ถึง 3.5 เมตร น้ำหนักหนักได้ถึง 316.5 กิโลกรัม\r\n   ปลาฉลามหัวบาตร เป็นปลาฉลามชนิดที่สามารถปรับตัวให้อยู่ในน้ำจืดได้ โดยพบเป็นบางครั้งในแม่น้ำใหญ่ที่ห่างจากทะเลนับร้อยกิโลเมตร เช่น แม่น้ำมิสซิสซิปปี, แม่น้ำอเมซอน, แม่น้ำแซมบีซี, แม่น้ำไทกริส, แม่น้ำแยงซี, ทะเลสาบนิคารากัว ในประเทศไทยเช่น แม่น้ำโขง, แม่น้ำแม่กลอง, แม่น้ำสาละวิน\r\n   ปลาฉลามหัวบาตร เป็นปลาที่ล่าเหยื่อเป็นอาหาร สามารถที่จะกินปลาขนาดใหญ่เช่น ปลากระเบน หรือแม้แต่พวกเดียวกันได้ โดยฟันที่อยู่กรามล่างจะมีลักษณะแหลมยาวกว่าฟันที่อยู่กรามบน เพราะใช้ในการกัดเหยื่อก่อน ก่อนที่ฟันกรามบนจะงับซ้ำลงมาเพื่อไม่ให้เหยื่อหลุด ในบางครั้งจะสะบัดเหยื่อให้ขาดเป็น 2 ท่อนด้วย', '   ตำนาน เทพเจ้ากินคนหลายสิบปีที่แล้วมีเรื่องเล่ากันว่ามีปลาออกมาทำร้ายคนจนไม่มี คนกล้าออกมาตักน้ำในแม่น้ำคงคา แม่น้ำคงคามีลักษณะขุ่นๆ เมื่อก่อนคนอินเดียใช้วิธีเผาศพแล้วก็มีปลาเข้ามาทำ ร้ายและปลาตัวนี้ถูกเรียกว่าเทพอูม่า\r\n\r\n', 0, 4, 4, 1, 4, '', '17/05/2017'),
(28, 1, 'ปลาสะนาก(เเซลมอน เมืองไทย)', '', '', '', '40', '8', 'c21634481eef7f5e51f24403b64d171f.jpg', '', '              มีลักษณะ ลำตัวยาวทรงกระบอก หัวและปากแหลม ปากกว้างมาก จะงอยปากล่างงุ้มคล้ายตะขอ ไม่มีหนวด เกล็ดเล็ก ลำตัวสีเงินวาว ข้างลำตัวมีประสีน้ำเงินคล้ำ หางเว้าเป็นแฉกลึกสีแดงมีแถบสีดำใกล้ขอบบนและขอบล่าง ครีบหลังสีเหลืองอ่อนมีแต้มคล้ำ ในตัวผู้มีตุ่มข้างแก้มแตกต่างจากตัวเมียโดยเฉพาะในฤดูผสมพันธุ์ และสีลำตัวจะเปลี่ยนเป็นสีชมพูอมส้ม ขนาดประมาณ 15 - 45 เซนติเมตร\r\n               เป็นปลากินเนื้อ มักอยู่รวมเป็นฝูงเล็ก ๆ หากินบริเวณผิวน้ำ ล่าเหยื่อได้แก่ ปลาขนาดเล็ก กุ้ง ปู ต่าง ๆ เป็นปลาที่มีความว่องไว ปราดเปรียวมากและว่ายน้ำเคลื่อนไหวตลอดเวลา มีรูปร่างคล้ายปลาแซลมอน ที่พบในต่างประเทศ จึงได้ฉายาจากนักตกปลาว่า \"แซลม่อนเมืองไทย\"', 'ไม่มี', 0, 3, 3, 3, 1, '', '17/05/2017'),
(29, 1, 'ปลาอะราไพม่า(ปลาช่อนยักษ์ อเมซอน)', '', '', '', '400', '25', 'e16f531b9c94532950ac49b612c1cc4a.jpg', '', '              มีรูปร่างคล้ายปลาช่อน (Channa stiata) มาก เป็นปลาที่มีขนาดใหญ่มาก เกล็ดมีขนาดใหญ่ มีสีดำเงาเป็นมัน ครีบบน ครีบล่าง มีตำแหน่งค่อนไปทางหาง มีแถบสีแดง-ส้ม ตัดกับพื้นสีดำ มีลำตัวค่อนข้างกลมและเรียวยาว ส่วนหัวมีลักษณะแข็งและมีน้ำหนักมาก ส่วนลำตัวด้านท้ายมีลักษณะแบนกว้าง ในขณะที่ปลายังเล็กพื้นลำตัวจะมีสีเขียวเข้ม และลำตัวส่วนที่ค่อนไปทางหางจะเป็นสีดำ และรูปร่างจะออกไปทางทรงกระบอก เมื่อโตขึ้นบริเวณลำตัวและส่วนที่ค่อนไปทางหาง ครีบ และหาง จะปรากฏสีชมพูปนแดงหรือสีบานเย็นประแต้มกระจายอยู่ทั่วไป เมื่อจวนตัว ปลาอะราไพม่าจะใช้ส่วนหัวที่แข็งพุ่งชนและกระโดดใส่เมื่อความรุนแรงเพื่อป้องกันตัวพบในแม่น้ำอเมซอนและลุ่มน้ำสาขาในทวีปอเมริกาใต้\r\n           ปลาอะราไพม่ากินอาหาร ได้แก่ ปลาและสัตว์น้ำขนาดเล็กเป็นอาหาร โดยใช้ลิ้นที่แข็งเป็นกระดูกนั้นบดอาหารกับเพดานปาก[3] ในบางครั้งสามารถกินสัตว์เลือดอุ่นขนาดเล็กกว่าที่อยู่บนบก เช่น ลิง หรือ สุนัข หรือ นก ด้วยการกระโดดงับได้อีกด้วย', 'เป็นปลาที่มีอายุยืน ไม่ก้าวร้าว', 0, 1, 3, 4, 4, '', '17/05/2017'),
(30, 1, 'ปลากระโห้(Siamese giant carp)', '', '', '', '300', '150', '877f189f32a0b32ffd0e2c180b38b0e7.jpg', '', '        ลักษณะสำคัญคือ ส่วนหัวโต ปากกว้าง ตาเล็ก ไม่มีหนวด ปลาวัยอ่อนหัวจะโตมากและลำตัวค่อนไปทางหาง ทำให้แลดูคล้ายปลาพิการไม่สมส่วน ขอบฝาปิดเหงือกมนกลมและใหญ่กว่าปลาชนิดอื่น ๆ ครีบหลังและครีบหางใหญ่ มีเกล็ดขนาดใหญ่ปกคลุมลำตัว บนเพดานปากมีก้อนเนื้อหนา เหงือกมีซี่กรองยาวและถี่มาก ตัวมีสีคล้ำอมน้ำเงินหรือน้ำตาลเข้ม ครีบมีสีแดงเรื่อ ๆ ด้านท้องมีสีจาง\r\n        อาหารของปลากระโห้คือ แพลงก์ตอนและปลาขนาดเล็ก แต่ก็สามารถกินพืชเช่น สาหร่ายหรือเมล็ดพืชได้', 'ไม่มี', 0, 1, 1, 2, 5, '', '17/05/2017'),
(31, 1, 'ปลาหางนกยูง(ปลาเริ่มต้นของนักเลี้ยงปลา)', '', '', '', '8', '2', '3e44a9fc5c7edffd0c5b5a5dcbb39a4b.jpg', '', '                   ปลาหางนกยูง  เป็นปลาน้ำจืดขนาดเล็กชนิดหนึ่ง ในวงศ์ปลาสอด (Poeciliidae) เป็นปลาน้ำจืดที่มีขนาดเล็ก มีความยาวเต็มที่ไม่เกิน 5 นิ้ว มีจุดเด่นคือครีบหางที่มีขนาดใหญ่ ตัวผู้และตัวเมียมีความแตกต่างกันจนเห็นได้ชัด กล่าวคือ ตัวผู้มีขนาดลำตัวที่เล็กกว่ามาก แต่มีสีสันและครีบที่สวยงามกว่า ขณะที่ตัวเมียตัวใหญ่กว่า ท้องอูม สีสันและครีบเครื่องเล็กกว่า\r\n                  มีการกระจายพันธุ์บริเวณทวีปอเมริกากลางจนถึงอเมริกาใต้ อาศัยอยู่ในแหล่งน้ำจืดจนถึงน้ำกร่อยที่มีกระแสน้ำไหลเอื่อย ๆ เป็นปลาอาศัยอยู่รวมเป็นฝูง หากินบริเวณผิวน้ำ โดยกินทั้งพืชและสัตว์น้ำรวมถึงแมลงหรือตัวอ่อนแมลงขนาดเล็กด้วย', 'ไม่มี (เเต่สามารถกำจัดลูกน้ำยุงลายได้)', 0, 1, 2, 4, 1, '', '17/05/2017'),
(32, 1, 'ปลาเทพา(เจ้าเเห่งเเม่น้ำเจ้าพระยา)', '', '', '', '300', '20', '770c312a0f0ab413f0634f6358a4f285.jpg', '', '                เป็นปลาน้ำจืดขนาดใหญ่ชนิดหนึ่ง มีชื่อวิทยาศาสตร์ว่า Pangasius sanitwongsei อยู่ในวงศ์ปลาสวาย (Pangasiidae) ชื่อวิทยาศาสตร์ของปลาชนิดนี้ตั้งโดย ดร.ฮิว แมคคอร์มิค สมิธ อธิบดีกรมประมงคนแรก เพื่อเป็นเกียรติแด่ ม.ร.ว.สุวพันธุ์ สนิทวงศ์ ในฐานะที่เป็นผู้ผลักดันและบุกเบิกให้มีหน่วยงานทางด้านการศึกษาและจัดการสัตว์น้ำในประเทศ ซึ่งก็คือกรมประมงในปัจจุบัน\r\n               ปลาเทพาได้รับฉายาว่า \"เจ้าแห่งแม่น้ำเจ้าพระยา\" เนื่องจากเป็นปลาที่มีขนาดใหญ่ที่สุดในลุ่มแม่น้ำสายนี้ โดยเมื่อโตเต็มที่จะมีขนาดลำตัวยาวประมาณ 1–1.25 เมตร ขนาดใหญ่สุดพบยาวกว่า 3 เมตร และมีน้ำหนักมากกว่า 100 กิโลกรัม ', 'ไม่พบ', 0, 1, 3, 4, 4, '', '17/05/2017'),
(33, 1, 'ปลากระเบนโมโตโร่ ', '', '', '', '80', '10', 'df84c48a600e5ded3b1b2675abb851ab.jpg', '', '               ปลากระเบนที่อาศัยอยู่ในน้ำจืดชนิดหนึ่ง ในวงศ์ปลากระเบนหางสั้น (Potamotrygonidae) มีลักษณะตัวกลมคล้ายจานข้าวหรือแผ่นซีดี ผิวลำตัวสีน้ำตาลอ่อนหรือเข้ม มีจุดกลมสีส้มอมเหลืองวงรอบด้วยสีน้ำตาลเข้มกระจายไปจนถึงโคนหาง มีเงี่ยงแหลมคม 2 ชิ้นที่โคนหาง ที่ปลายหางมีริ้วหนังบาง ๆ โดยที่จุดกลมเหล่านี้จะแตกต่างและมีปริมาณมากน้อยไม่เท่ากันในแต่ละตัว\r\n                ปลากระเบนโมโตโร่ ได้รับความนิยมอย่างมากในฐานะของการเป็นปลาตู้สวยงาม โดยผู้เลี้ยงสามารถเพาะขยายพันธุ์ในที่เลี้ยงได้ โดยปลาที่จะเริ่มผสมพันธุ์ได้นั้นจะมีความยาวลำตัวประมาณ 2 ฟุต อายุราว 1 ปีครึ่ง และสามารถผสมพันธุ์ออกมาเป็นลูกปลาที่มีสีสันและลวดลายสวยแปลกตากว่าดั้งเดิมได้หลากหลาย', 'ไม่พบ', 0, 1, 3, 4, 1, '', '17/05/2017'),
(34, 1, 'ปลาหมอฟรอนโตซ่า(Cyphotilapia frontosa)', '', '', '', '30', '20', '17daa6e139b1e58122c922f2bb98c67a.jpg', '', '            มีรูปร่างแบนข้าง ริมฝีปากหนา ลำตัวสีขาวคาดด้วยแถบสีดำเป็นปล้อง ๆ ตลอดลำตัว ครีบต่าง ๆ ปลายครีบยาวแหลมโดยเฉพาะตัวผู้ เมื่อโตขึ้นหัวของตัวผู้จะโหนกนูนเห็นได้ชัดเจน\r\n            ในแวดวงปลาสวยงามจะจำแนกปลาหมอฟรอนโตซ่าเป็นสายพันธุ์ย่อยต่าง ๆ โดยแบ่งตามเกณฑ์ที่พบในแหล่งน้ำหรือภูมิภาคต่าง ๆ ซึ่งสามารถแบ่งได้นับ 10 สายพันธุ์ แต่ไม่จัดว่าเป็นการแบ่งตามหลักอนุกรมวิธาน\r\n             ปลาหมอฟรอนโตซ่าจะเข้าสู่วัยเจริญพันธุ์ได้เมื่อถึงอายุ 3-4 ปี โดยตัวเมียจะมีพฤติกรรมอมไข่หลังจากไข่ได้รับการปฏิสนธิแล้ว ใช้เวลาฟักเป็นตัวราว 4 สัปดาห์', 'ราชาปลาหมอสี', 0, 3, 3, 3, 5, '', '17/05/2017'),
(35, 1, 'ปลาอัลลิเกเตอร์ หรือ ปลาจระเข้', '', '', '', '200', '30', '29481e563261b8b0273058eba2c1a1ca.jpg', '', '           มีลักษณะเด่น คือ มีส่วนปากยาวคล้ายกับจระเข้หรืออัลลิเกเตอร์ รูปร่างกลมยาว ตากลมสีดำ บริเวณลำตัวจรดหางคล้ายปลา มีครีบเล็กใต้ท้อง 2 ครีบคู่ ใต้ท้องสีขาว บริเวณปลายหาง ใกล้หางมีครีบใหญ่อีก 2 ครีบ ซึ่งโคนหางด้านบนมีขนาดใหญ่กว่าโคนหางด้านล่างอย่างเห็นได้ชัดเจน ครีบหางกลมมนเป็นรูปพัด เป็นปลาที่กระจายพันธุ์อยู่ในแหล่งน้ำจืดต่าง ๆ เช่น แม่น้ำ หรือทะเลสาบ ของสหรัฐอเมริกาทางตอนใต้ เช่น รัฐฟลอริดา และหลุยส์เซียน\r\n          ซึ่งในความเป็นจริงแล้ว ปลาอัลลิเกเตอร์เป็นปลาที่ไม่ดุร้าย ไม่ทำร้ายหรือกินมนุษย์เป็นอาหาร แต่จะกินปลาต่าง ๆ เป็นอาหาร รวมถึงสัตว์ปีกเช่น นกเป็ดน้ำ ได้\r\n           ปลาอัลลิเกเตอร์มีปากเรียวยาวเหมือนอัลลิเกเตอร์ ที่ภายในมีฟันที่แหลมคม 2 แถว ประมาณ 500 ซี่ ใช้สำหรับงับเหยื่อก่อนที่จะกลืนลง ไป เกล็ดของปลาอัลลิเกเตอร์มีความหนาและแข็ง ลักษณะเป็นรูปสามเหลี่ยมเหมือนเพชร มีสารเหมือนกับสารเคลือบฟันเคลือบอยู่ มีความคมเมื่อถูจะถูกบาดทำให้เกิดบาดแผลได้ อินเดียนแดง ซึ่งเป็นชนพื้นเมืองของอเมริกาใช้เกล็ดของปลาอัลลิเกเตอร์ทำเป็นหัวลูกศร', 'ไม่พบ', 0, 3, 3, 3, 4, '', '17/05/2017'),
(36, 1, 'ปลากระทิงไฟ (Fire spiny eel)', '', '', '', '60', '10', 'dda6032a078d81e2d2a354c76f427078.jpg', '', '             ปลาน้ำจืดพื้นเมืองของไทยชนิดหนึ่ง มีชื่อวิทยาศาสตร์ว่า Mastacembelus erythrotaenia อยู่ในวงศ์ปลากระทิง (Mastacembelidae) มีรูปร่างเหมือนปลาในวงศ์นี้ทั่วไป กล่าวคือ รูปร่างยาวคล้ายงูหรือปลาไหล \r\n             ปลากระทิงไฟ มีลักษณะเด่นคือ เป็นปลาที่มีสีสันและลวดลายสวยงามมาก อันเป็นที่มาของชื่อ โดยพื้นลำตัวมีสีน้ำตาลเข้มจนถึงดำสนิทและประแต้มด้วยแถบสีแดงสดเป็นเส้นๆ และเป็นจุด ๆ ลักษณะคล้ายกับเส้นประ โดยลายนี้จะคาดตามความยาวจากหัวจรดหางหัวค่อนข้างแหลม\r\n             มีพฤติกรรมหากินในเวลากลางคืน โดยมักชอบหลบอยู่ใต้ซากไม้ใต้น้ำเพื่อรออาหาร ซึ่งได้แก่ ปลาขนาดเล็กและสัตว์น้ำขนาดเล็กทั่วไป', 'ไม่มี', 0, 1, 3, 1, 5, '', '17/05/2017'),
(37, 1, 'ปลาฉลามปากเป็ด', '', '', '', '20', '10', '113df20266ed22a26ae6985aaa0abbd4.jpg', '', '   จัดเป็นปลาฉลามซึ่งเป็นปลากระดูกอ่อนแต่อย่างใด ถือกำเนิดมาตั้งแต่ยุคครีเตเชียสกว่า 100 ล้านปีมาแล้ว พบในหลายพื้นที่ของสหรัฐอเมริกา ในลุ่มแม่น้ำมิสซิสซิปปีและแม่น้ำมิสซูรี รวมถึงแม่น้ำโอไฮโอ\r\n   ปลาฉลามปากเป็ดมีความยาวได้ถึง 6 ฟุต และมีน้ำหนักเกือบถึง 100 กิโลกรัม\r\n    ลักษณะเด่นของปลาชนิดนี้คือจะงอยจมูกที่ยาวและแบนคล้ายปากของเป็ด ซึ่งเต็มไปด้วยรูสีดำเล็ก ๆ ซึ่งสามารถตรวจจับกระแสไฟฟ้าได้ ซึ่งใช้หาอาหารและนำร่องในการว่ายน้ำไปยังแหล่งผสมพันธุ์ เมื่อจะงอยจมูกนั้นสัมผัสกับกระแสไฟฟ้าที่แพลงตอนสัตว์ซึ่งเป็นอาหารปล่อยออกมา และส่งผ่านประสาทสัมผัสไปยังสมอง โดยจะอ้าปากกรองกินแพลงตอนสัตว์เวลาว่ายน้ำ เหมือนปลาฉลามวาฬ', 'ไม่พบ', 0, 1, 1, 4, 4, '', '17/05/2017'),
(38, 1, 'ปลาหมอนกแก้ว', '', '', '', '15', '5', 'ba407f57d4338f8a71220864afcdcbb8.jpg', '', 'ปลาหมอนกแก้ว (ชื่อวิทยาศาสตร์ Amphilophus citrinellum x Vieja synspila) เป็นพันธุ์ลูกผสมระหว่างปลาหมอฟลามิงโก้ และปลาหมอซินสไปลุ่ม มีปากคล้ายกับนกแก้ว กำเนิดในประเทศไต้หวัน ขนาดโตเต็มที่ 10 – 15 เซนติเมตร มีดวงตาโต ม่านตาใหญ่จนบางคราวดูไม่เหมือนทรงกลม เป็นวงรีหรือไม่ก็เป็นขีด ดำๆ หนาๆ พาด ผ่านตามแนวนอนของ ลูกตา ตู้ที่เหมาะสม ไม่ควรต่ำกว่า 30 นิ้ว เป็นปลาที่ไม่ค่อยดุนัก และสามารถเลี้ยงรวมกับปลาอื่นที่ ขนาดเท่ากันได้ สามารถให้อาหารสำเร็จรูปและสัตว์น้ำขนาดเล็กเป็นอาหารได้\r\n', 'ไม่มี', 0, 1, 3, 4, 1, '', '17/05/2017'),
(39, 1, 'ปลาตะเพียนทอง', '', '', '', '30', '7', 'e58268367e3e4155770e5146dfd59595.jpg', '', '    มีรูปร่างลักษณะคล้ายปลากระแห กล่าวคือ มีเกล็ดตามลำตัวแวววาวสีเหลืองทองเหลือบแดงหรือส้ม ครีบหางเป็นสีส้มหรือสีแดงสด แต่ปลาตะเพียนทองมีเกล็ดขนาดใหญ่กว่า ครีบหลังและครีบหางไม่มีแถบสีดำ\r\n   ปลาตะเพียนทองพบอยู่ทั่วไปตามห้วยหนองคลองบึงและแหล่งน้ำขนาดใหญ่ของภาคกลาง ภาคเหนือ และภาคตะวันออกเฉียงเหนือของไทย', 'ไม่มี', 0, 1, 1, 3, 1, '', '17/05/2017'),
(40, 1, 'ปลาปักเป้าเอ็มบู', '', '', '', '50', '10', 'a11b37cfbcc09f2c91d3ca856f3760ee.jpg', '', '   มีรูปร่างเหมือนกับปลาปักเป้าชนิดอื่น ๆ ในวงศ์นี้ทั่วไป แต่ลำตัวจะแบนยาวกว่า และมีขนาดลำตัวที่ใหญ่กว่ามาก ตาโต ครีบทั้งหมดมีขนาดใหญ่กว่าปลาปักเป้าชนิดอื่นโดยเฉพาะครีบหาง เมื่อยังเล็กมีจุดสีดำกระจายทั่วลำตัว พื้นลำตัวสีเขียว ท้องสีเหลืองเข้ม เมื่อโตขึ้นลายจุดสีดำนั้นจะขยายเป็นเส้นคล้ายตาข่ายครอบคลุมทั้งตัวช่วงบน \r\n   ขนาดเมื่อโตเต็มที่ยาวได้ประมาณ 2 ฟุต จัดเป็นปลาปักเป้าที่พบในน้ำจืดที่มีขนาดใหญ่ที่สุดในโลก พบในลุ่มแม่น้ำคองโก ในทวีปแอฟริกาตอนกลางและทะเลสาบแทนกันยีกา\r\n   มีอุปนิสัยที่ไม่ดุร้ายก้าวร้าวเมื่อเทียบกับปลาปักเป้าชนิดอื่น ๆ และด้วยความใหญ่ สีสันที่สวยงาม และนิสัยที่เรียบร้อยจึงนิยมเลี้ยงเป็นปลาตู้สวยงาม แต่ก็จัดเป็นปลาที่มีราคาแพง', 'ไม่พบ', 0, 1, 3, 4, 1, '', '17/05/2017'),
(41, 1, 'ปลาช่อนบาร์กา', '', '', '', '80', '10', '9375cb577e27677eeae259be04ceea5e.jpg', '', '   มีถิ่นกระจายพันธุ์อยู่ในแม่น้ำพรหมบุตรและแม่น้ำคงคาในรัฐอัสสัมและรัฐเบงกอลตะวันตก ในประเทศอินเดีย และบางส่วนของบังกลาเทศเท่านั้น\r\n   ปลาช่อนบาร์กา จัดไว้เป็นหนึ่งในปลาช่อนที่หายากที่สุดในโลก จากคุณสมบัติทั้งหมดดังกล่าว ทำให้เป็นปลาสวยงามที่มีราคาแพงมากชนิดหนึ่ง และสำหรับในประเทศไทยเป็นปลาที่มีการนำเข้ามาจำหน่ายเพียงแค่ไม่กี่ตัว\r\n   เป็นปลาที่สามารถเลี้ยงในห้องที่เปิดเครื่องปรับอากาศได้ตลอด 24 ชั่วโมง เพราะอาศัยอยู่ในที่ ๆ มีอุณหภูมิระหว่าง 10-24 องศาเซลเซียส มีพฤติกรรมการกินอาหารเพียงแค่ แมลง หรือกุ้งฝอย หรือเนื้อกุ้งชิ้นเท่านั้น โดยไม่กินปลาเหยื่อหรือลูกปลาขนาดเล็กเลย', 'เป็นปลาที่สวยงามมาก จนได้้ฉายานามว่าเป็นปลาช่อนที่มีความสวยงามที่สุดในโลก', 0, 3, 2, 2, 2, '', '17/05/2017'),
(42, 1, 'ปลาตะพัดแอฟริกา', '', '', '', '90', '15', 'fa1b34dac9304abe5ad74d7ddcd4ce25.jpg', '', '     ปลาอะโรวานาแอฟริกา หรือ ปลาตะพัดแอฟริกาปลาอะโรวานาแอฟริกา มีลักษณะส่วนหัวค่อนข้างกลมหนาและสั้น ตาโต ปากเล็ก ริมฝีปากหนา ไม่มีหนวด ลำตัวกลมและแบนข้างที่หาง สีลำตัวสีน้ำตาลอมเขียวและดำ โดยสีสันนี้สามารถแปรเปลี่ยนไปตามสภาพแวดล้อม\r\n     อีกทั้งยังกินอาหารได้ทั้งพืชและสัตว์ และยังสามารถกินแพลงก์ตอนเป็นอาหารได้อีกด้วย โดยการผ่านการกรองที่ช่องเหงือก โดยจะหากินทุกระดับน้ำ อีกทั้งยังสามารถฮุบอากาศหายใจโดยตรงได้ด้วย\r\n     แม้จะไม่มีสีสันสวยงามเลยก็ตาม ซึ่งในสถานที่เลี้ยง ปลาอะโรวานาแอฟริกาไม่มีนิสัยก้าวร้าวเหมือนปลาชนิดอื่น ๆ ในวงศ์เดียวกัน', 'ไม่พบ', 0, 1, 1, 4, 1, '', '17/05/2017'),
(43, 1, 'ปลาออสการ์', '', '', '', '40', '10', '44b49fb0e397e090939cb985fe053999.jpg', '', '     1.เป็นปลาที่หากินในบริเวณแหล่งน้ำที่เป็นน้ำตื้นทีมีพื้นท้องน้ำเป็นโคลนปนทรายหรือกรวดทราย ขนาดเมื่อโตเต็มที่ประมาณ 45.7 เซนติเมตร\r\n     2.มีรูปร่างแบนข้างและลำตัวป้อม ส่วนหัวค่อนข้างใหญ่ ตาโต ปากกว้าง ริมฝีปากหนา ลำตัวมีสีน้ำตาลอมเขียว ที่ขอบของแผ่นกระดูกปิดเหงือกและด้านล่างของลำตัวมีสีส้มอมแดงหรือส้มจาง ๆ ที่ด้านบนของคอดหางมีจุดกลมสีดำคล้ายลูกตาดำและมีวงสีส้มอมแดงล้อมรอบ เป็นปลาที่ว่ายน้ำช้า กินสัตว์อื่นเป็นอาหารได้หลากหลาย ทั้งสัตว์น้ำชนิดต่าง ๆ และแมลงด้วย\r\n     3.เป็นปลาพันธุ์พื้นเมืองของลุ่มแม่น้ำโอริโนโก, แม่น้ำอะเมซอน และแม่น้ำลา พลาตา ในทวีปอเมริกาใต้อย่างกว้างขวาง เช่น ประเทศบราซิล, โคลอมเบีย, เปรู, เฟรนช์เกียนา, อุรุกวัย, เวเนซุเอลา และอาร์เจนตินา', 'ในราวต้นพุทธทศวรรษ 2500 ถือเป็นปลาหมอสีชนิดแรก ๆ ที่นำเข้ามาสู่ประเทศไทย ในฐานะปลาสวยงาม ซึ่งมีราคาซื้อขายแพงมาก โดยตกคู่ละ 500 บาท (ราคาทองคำแท่งในขณะนั้นบาทละ 400 บาท', 0, 3, 2, 4, 2, '', '17/05/2017'),
(44, 1, 'ปลานีออนเตตร้า', '', '', '', '2', '3', '71b5a752b3eda500a64cbf3f750c843a.jpg', '', '1.เป็นปลาขนาดเล็กที่มีนิสัยชอบอยู่รวมเป็นฝูงใหญ่ในระดับกลางน้ำในป่าดิบชื้นที่มีไม้น้ำหนาแน่นในภาคตะวันออกเฉียงใต้ของโคลัมเบีย, ภาคตะวันออกของเปรู, และทางภาคตะวันตกของบราซิล มีรูปทรงยาวรี คล้ายเม็ดข้าวสาร\r\n2.ลำตัวมีเกล็ดขนาดเล็กมันวาวปกคลุมทั้งตัว โดยที่ส่วนหลังจะสีเหลือบเขียวมะกอก มีเส้นเรืองแสงสีเขียวอมฟ้าพาดตั้งแต่จมูกผ่านลูกตายาวไปสุดที่ครีบไขมัน อันเป็นที่มาของชื่อ ปลานีออน ส่วนท้องเป็นสีขาวเงิน หลังจากช่องท้องไปถึงโคนหางมีสีแดงสด ขนาดโตเต็มที่ไม่เกิน 1 นิ้ว\r\n3.ปลานีออนจะมีนิสัยรักสงบ สามารถเลี้ยงเป็นฝูงได้ ทั้งยังสามารถเลี้ยงร่วมกับปลาอื่น ๆ ที่มีขนาดไล่เลี่ยกันได้อีกด้วย แต่ปลานีออนจะมีนิสัยขี้ตื่น ชอบกระโดด ดังนั้นสำหรับการเลี้ยงในตู้จึงควรจะมีฝาปิดให้มิดชิดด้วยเพื่อกันการที่ปลานีออนจะกระโดดออกมาตายนอกตู้ หากเป็นไปได้ ควรมีสถานที่ซ่อนเวลาที่ปลานีออนตกใจ ด้วยการหาขอนไม้, หิน หรือพรรณไม้น้ำมาเป็นที่ซ่อน', 'ไม่พบข้อมูล', 0, 1, 1, 3, 5, '', '17/05/2017'),
(45, 1, 'ปลาเทวดา', '', '', '', '15', '5', 'fe43f8ae6db2dc13f9431447c3318647.jpg', '', '1.มีรูปร่างโดยรวมเป็นรูปสี่เหลี่ยมรูปว่าว ลำตัวแบนข้างมาก มีปากขนาดเล็ก ครีบหลังเป็นกระโดงสูงอยู่ค่อนไปทางด้านหาง ครีบหลังบานยาวออกมาจากลำตัว ครีบท้องมีอยู่หนึ่งคู่เรียวเล็กและปลายชี้แหลม พบในลุ่มแม่น้ำอเมซอนและแม่น้ำโอริโนโคในทวีปอเมริกาใต้และลุ่มแม่น้ำใกล้เคียง มีพฤติกรรมอาศัยอยู่รวมเป็นฝูงในถิ่นที่มีพืชพรรณไม้น้ำขึ้นหนาแน่น \r\n2.ปลาเทวดาได้รับความนิยมในแง่ของการเป็นปลาตู้สวยงามมาช้านาน โดยผู้เลี้ยงนิยมเลี้ยงในตู้ไม้น้ำ ซึ่งปลาเทวดาเป็นปลาที่มีอุปนิสัยเรียบร้อย แต่ถ้าหากก้าวร้าวแล้วก็จะค่อนข้างยากที่จะเลี้ยงรวมกับปลาประเภทอื่น ', 'ไม่พบข้อมูล', 0, 1, 2, 3, 5, '', '17/05/2017'),
(46, 1, 'ปลาดุกปากกว้าง', '', '', '', '20', '5', 'fd71c3314db45ca05b695fdd9cb29be1.jpg', '', '1. Asterophysus batrachus หรือที่เราเรียกกันอย่างไทยๆว่าปลาดุกปากกว้าง นั้นมีถิ่นที่อยู่แถบลุ่มอะเมซอน แถวๆโอริโนโค และแถบริโอเนโกร ประเทศบราซิล \r\n2.ลักษณะของถิ่นที่อยู่อาศัยของมันนั้น จะเป็นน้ำ blackwater หรือน้ำที่ออกสีชา ค่า Ph อยู่ที่ 5.5-7 อุณหภูมิ อยู่ที่ 24.0-29.0°C or 75.2-84.2°F ซึ่งสามารถปรับเลี้ยงในอากาศแบบบ้านเราไม่ยาก \r\n3.มักหากินตามท้องน้ำ โดยหากินสัตว์จำพวกปลา กุ้ง หรืออะไรก็ตามที่มีขนาดเล็กกว่าปากของมัน !! ซึ่งหมายความว่าการจะเลือกเมทที่เหมาะสมสำหรับเลี้ยงเจ้านี้นั้น ผู้เลี้ยงจะต้องเลือกปลาที่มีขนาดใหญ่กว่า ปากของมัน ซึ่งเป็นเรื่องยากมากๆ ลักษญะการกินเหยื่อของเจ้านี้ก็สมชื่อปลานักล่าตัวฉกาจที่วันๆจะลอยตัวนิ่งๆ เมื่อเหยื่อผู้เคราะห์ร้ายว่ายผ่านเข้ามาในระยะก็จะทำการฮุบเหยื่อโดยไม่รีรอจากนั้นมันจะค่อยๆ ขย่อนเหยื่อลงคออย่างช้าๆ\r\n', 'ไม่พบข้อมูล', 0, 4, 4, 3, 5, '', '17/05/2017'),
(47, 1, 'ปลานวลจันทร์น้ำจืด', '', '', '', '60', '10', '9e772b55239aca4d3ce12df9907e85bb.jpg', '', '1.เป็นปลาน้ำจืดชนิดหนึ่งในวงศ์ปลาตะเพียนมีรูปร่างลำตัวเรียวยาวทรงกระบอก หัวโต ปากและตาเล็ก เกล็ดเล็ก ปลาในเขตลุ่มน้ำเจ้าพระยาจะมีหัวและลำตัวสีเงินอมเหลืองทอง ส่วนปลาในลุ่มน้ำโขงจะเป็นสีชมพู ครีบหลังยกสูง ครีบหางเว้าลึก ครีบก้นเล็ก อาหารได้แก่ อินทรียสาร สัตว์หน้าดินขนาดเล็ก แพลงก์ตอน และแมลงต่าง ๆ มีขนาดประมาณ 46 เซนติเมตร พบใหญ่สุด 69 เซนติเมตร น้ำหนัก 5 กิโลกรัม', 'เป็นสัตว์น้ำประจำจังหวัดสุรินทร์', 0, 1, 1, 4, 1, '', '17/05/2017'),
(48, 1, 'ปลาปอด', '', '', '', '120', '30', '49e672f8f6c581e495945fcebbbd3a38.jpg', '', '1.ปลาปอดได้ชื่อว่าเป็นซากดึกดำบรรพ์มีชีวิต เพราะเป็นปลาที่ไม่ได้เปลี่ยนรูปร่างมากนักจากยุคก่อนประวัติศาสตร์ โดยปลาปอดจัดอยู่ในชั้นใหญ่ Sarcopterygii ซึ่งจะมีลักษณะเด่น คือ มีพู่เนื้อหรือเนื้อเยื่อเป็นครีบ มีครีบหางเดี่ยว มีครีบ 2 คู่ มีเกล็ดแบบ Cosmoid ซึ่งแตกต่างไปจากปลาชนิดอื่น ๆ ในโลก\r\n2. กินอาหารได้หลากหลาย กินได้ทั้งพืชและสัตว์น้ำและสามารถขบกัดสัตว์มีกระดองได้เป็นอย่างดี เพราะมีกรามและฟันที่แข็งแรง', 'ไม่พบข้อมูล', 0, 1, 2, 1, 2, '', '17/05/2017'),
(49, 1, 'ปลากรายเผือก', '', '', '', '60', '7', '4baa1fb3e674dd8ea836e880dcd6d37a.jpg', '', '1.ปลากรายเผือก มีปากกว้างมาก มุมปากอยู่เลยขอบหลังลูกตา ในตัวเต็มวัยส่วนหน้าผากจะหักโค้ง ส่วนหลังโก่งสูง\r\n2.มักอาศัยอยู่ในบริเวณที่มีกิ่งไม้ใต้น้ำหรือพืชน้ำค่อนข้างหนาแน่น อยู่รวมกันเป็นฝูงเล็ก อาหารได้แก่ ปลาและสัตว์น้ำขนาดเล็ก พบในแหล่งน้ำทั้งแหล่งน้ำนิ่งและแม่น้ำทั่วประเทศไทย รวมถึงในประเทศใกล้เคียง \r\n3.เป็นปลาสวยงามด้วย ที่เลี้ยง ง่าย อดทน ', 'ไม่พบข้อมูล', 0, 2, 3, 4, 2, '', '17/05/2017'),
(50, 1, 'ปลาเเมวกระโดงสูง', '', '', '', '30', '10', 'b49bec8371728ae5970f066d068a1d0f.jpg', '', '1.ปลาเเมวกระโดงสูงเป็นปลา เเคทฟิช ชนิดเดียวกับปลาดุก มีเเหล่งอาศัยอยู่ตามซอกหินในธรรมชาติ โดยหากินตัวอ่อนของเเมลงเป็นอาหารรวมทั้งตะไคร่น้ำ โดยปลาชนิดนี้ชอบอาศัยอยู่เเหล่งน้ำไหล อยู่รวมกันเป็นกลุ่มเล็กๆ\r\n2.เป็นปลาหากินหน้าดิน เหมาะจะนำมาเลี้ยงเพื่อเก็บเศษอาหารตกค้างตามพื้นน้ำได้ ทำให้น้ำเสียน้อยลง', 'ไม่พบข้อมูล', 0, 1, 2, 4, 2, '', '17/05/2017'),
(51, 1, 'ปลาช่อนข้าหลวง', '', '', '', '90', '10', '8c119cf0aa4bae4cd8c266d4c4a0764e.jpg', '', '1.มีลักษณะคล้ายปลาช่อนงูเห่าแต่ลำตัวสั้นป้อมกว่า ลำตัวสีเขียวอ่อน และมีลายสีเหลืองทองส้มสลับกับแต้มสีดำ ครีบมีจุดประสีเหลืองสด ท้องสีจาง\r\n2.ขนาดโตเต็มที่มีความยาวประมาณ 90 เซนติเมตร ในประเทศไทยพบเฉพาะภาคใต้เท่านั้น โดยเป็นปลาที่พบได้น้อยบริเวณเขื่อนรัชชประภา จังหวัดสุราษฎร์ธานี และพบชุกชุมที่มาเลเซีย พบได้จนถึงอินโดนีเซีย เช่น เกาะสุมาตรา และเกาะบอร์เนียว มักอาศัยตามแม่น้ำสายใหญ่หรือลำธารขนาดใหญ่ในป่าหรือพรรณไม้ชายฝั่งหนาแน่น โดยจะหลบอยู่ใต้ร่มเงาของไม้นั้น\r\n3.เรื่องของอาหารของลูกปลาในวัยนี้ ก็ได้แก่พวก ลูกน้ำ, ไรทะเล, แมลงขนาดเล็กต่างๆ และจะเปลี่ยนไปตามขนาดของตัวปลา โดยที่เราสามารถฝึกปลาให้กินอาหารสด เช่นกุ้งขาวหั่นชิ้นเล็กๆหรือกุ้งฝอยแช่แข็งได้ การให้อาหารแก่ลูกปลาเล็กที่เลี้ยงรวมกันเป็นฝูง จะทำให้ปลาเชื่องเร็ว และกินอาหารดีขึ้น ', 'ไม่พบข้อมูล', 0, 1, 3, 4, 5, '', '17/05/2017'),
(52, 1, 'ปลาบู่ปาปัวนิวกีนี', '', '', '', '30', '10', '7bc5d7fc5c4da05a5a48e8cf2736c562.jpg', '', '1.ถิ่นอาศัย ชายฝั่งมหาสมุทรอินเดียจากอัฟริกาใต้ถึงอินโดนีเซีย รวมทั้งลำธารในหมู่เกาะต่างๆ นอกจากนี้ยังพบทางตะวันตกของมหาสมุทรแปซิฟิกจากตอนเหนือของรัฐควีนส์แลนด์ ในออสเตเลีย ปาปัวนิวกินี เมลานิเซีย เกาะปาเลา ซีลีเบส ไปจนถึงเกาะโอกินาว่า ประเทศญี่ปุ่น \r\n2.ขนาดโตเต็มที่ 40 ซม ในธรรมชาติ 25 ซม ในที่เลี้ยง\r\n3. สามารถเลี้ยงรวมกับปลาชนิดอื่นได้เป็นอย่างดี เลี้ยงรวมกันเองเป็นฝูงได้ หลีกเลี่ยงการเลี้ยงตัวผู้สองตัวในตู้เดียวกัน\r\n4.อาหารเป็นปลาที่เลี้ยงง่าย กินง่าย ชนิดหนึ่งครับ ตั้งแต่กุ้งฝอยเป็น หรือตาย ปลาเล็กๆ อาหารเม็ดจม ลอย ทั่วไป', 'ไม่พบข้อมูล', 0, 1, 3, 4, 2, '', '17/05/2017'),
(53, 1, 'บลูชาร์ค (นักล่า.. บ้าคลั่ง)', '', '', '', '25', '7', '1858f20570c8d192749f8db4e4c7a34e.jpg', '', '1.การแพร่กระจายและแหล่งที่อยุ่อาศัยปลาชนิดนี้พบที่ แม่น้ำหลายสาย ในทวีปอเมริกาใต้ เช่น อเมซอน โทแคนติน และ โอริโนโค่\r\n2.ปลาบลูชาร์ค อาศัยหากินอยู่ในน้ำหลายระดับความลึก ตั้งแต่บริเวณพื้นท้องน้ำ จนมาถึงกลางน้ำ สามารถอยู่ได้ทั้งน้ำไหลและน้ำนิ่ง ตามแต่ที่พวกมันจะว่ายน้ำไปหาเหยื่อได้ แต่ปกติจะพบทั่วไปในแหล่งน้ำไหลขนาดใหญ่\r\n3.ลักษณะรูปร่าง นิสัย และอาหาร ปลาบลูชาร์ค มีรูปร่างคล้ายปลาฉลาม หรือ วาฬ สมชื่อนี่แหละครับ ส่วนหัวมีขนาดใหญ่ จะงอยปากบนยื่นยาวกว่าจะงอยปากล่าง ดวงตามีขนาดเล็กมาก ลำตัวเพรียวยาว ครีบหลังเป็นรูป สามเหลี่ยมปลายแหลมคล้ายฉลาม มองดูหน้าตาแล้วน่ารักครับ เหมือนปลาตัวนี้ กำลังยิ้มให้เราตลอดเวลา ลำตัวเพียวยาว รูปตอร์ปิโด ไม่พบครีบไขมัน ไม่มีเกล็ด สีของลำตัว ด้านบนเป็นสีน้ำเงินเข้ม ส่วนด้านท้องเป็นสีขาว มีสีเหลือบฟ้าทั่วทั้งลำตัว ขนาดโตเต็มที่ทั่วไป ประมาณ 26 เซนติเมตร', 'ปลาบลูชาร์ค จัดอยู่ในกลุ่มปลาอันน่ากลัวมากชนิดหนึ่งของโลก ที่มีชื่อว่า ปลา แคนดิรู (Candiru) คนพื้นเมืองรู้ถึงความน่ากลัวของปลาชนิดนี้ดีครับ ปิรันย่า เค้าไม่กลัวกันครับที่นั่น แต่กลัวปลาพวกนี้มากกว่า ปลาในกลุ่มนี้ มีหลายตัวที่ดำรงชีวิตเป็นปรสิต ในร่างกายสัตว์น้ำ ตลอดจนร่างกายมนุษย์ มีความไวต่อกลิ่นเลือด และแอมโมเนีย เป็นอย่างยิ่ง โดยจะตามเลือดและปัสสาวะไปยังร่างกายของเหยื่อ และเจาะเข้าไปอาศัยอยู่ในร่างกาย ซึ่งจะสร้างความเจ็บปวด ทรมาน อย่างยิ่ง โดยเฉพาะในมนุษย์ครับ จะลงน้ำต้องระวัง\r\n ดังนั้น จะเห็นได้ว่ามันไม่เหมาะอย่างยิ่งที่จะนำมาเลี้ยง แล้วปล่อยลงสู่แหล่งน้ำในประเทศไทยนะครับ คนที่จะเลี้ยงปลาพวกนี้ ต้องมีความรู้ และมีความรับผิดชอบสูงครับ อย่าให้เหมือนปลาหัวโหนกที่เกลื่อนแม่น้ำ เพราะฝีมือผู้เลี้ยงที่ไม่มีความรู้ แถมมักง่ายอีกเลยครับ', 0, 4, 4, 3, 1, '', '17/05/2017'),
(54, 1, 'ปลาแบล็คโกสต์(ปลาผีดำ)', '', '', '', '40', '12', 'c8eb8c93a2d6cd173936a04db6d0c79b.jpg', '', '1.ลักษณะของปลาแบล็คโกสต์เป็นปลาที่มีลักษณะแบนยาว ตัวผู้จะมีขนาดที่ใหญ่กว่าตัวเมียขนาดเมื่อโตเต็มประมาณ 50 เซนติเมตร ลำตัวเป็นสีดำเกือบทั้งหมด มีแถบสีขาวกลางหัว และที่หางที่ละหนึ่งแถบ มีหางที่ยาวยื่นจากลำตัว ลักษณะคล้ายด้ามมีดที่ต่อจากตัวมีด ใช้ครีบก้น ในการว่ายน้ำ\r\n2.มีความสามารถในการผลิตกระแสไฟฟ้าอ่อน ๆ ในการนำทาง และหาอาหาร ในระหว่างวันปลาชนิดนี้จะชอบหลบอาศัยอยู่เงียบ ๆ นิ่ง ๆ แต่จะกลับกลายเป็นนักล่าที่ว่องไว ในยามค่ำคืน คลื่นไฟฟ้าอ่อน ๆ\r\n3.ปลาแบล็คโกสต์เป็นปลาที่กินง่ายและกินเก่ง สามารถกินอาหารได้ทุกชนิด ทั้งอาหารเม็ด อาหารสด สามารถฝึกปลาชนิดนี้ให้ขึ้นมากินอาหารจากมือ โดยการใช้แท่งเหล็ก หย่อนลงไปในน้ำ เมื่อปลาตรวจจับการนำไฟฟ้าของแท่งเหล็ก ปลาจะว่ายเข้ามาหาอาหาร อาจจะเป็นกุ้งสด หรือ อาหารที่ปลาชอบ เมื่อฝึกเช่นนี้เป็นประจำ ปลาจะเชื่องและสามารถขึ้นมากินอาหารจากมือผู้เลี้ยง', 'ไม่พบข้อมูล', 0, 5, 3, 1, 5, '', '17/05/2017'),
(55, 1, 'ปลาสร้อยน้ำผึ้ง', '', '', '', '25', '10', 'df2287caa4299fb5e984bd0b8c21c08b.jpg', '', '1.มีรูปร่างเรียวทรงกระบอก แบนข้างเล็กน้อย ส่วนหัวค่อนข้างใหญ่ ตาเล็ก ปากอยู่ด้านล่างของจะงอยปาก มีสีพื้นลำตัวสีน้ำตาลเขียวมีลายแถบสีคล้ำพาดยาวตามลำตัวและมีจุดสีดำกระจายอยู่ทั่ว\r\n2.หากินอยู่ตามท้องน้ำ พบได้ทั่วไปในแหล่งน้ำต่าง ๆ ทั้งแหล่งน้ำหลากและที่ราบลุ่ม ขนาดความยาวเต็มที่ 30 เซนติเมตร กินอาหารจำพวกตะไคร่น้ำ, ซากพืช, ซากสัตว์ และสัตว์น้ำขนาดเล็กทั่วไป พบตั้งแต่ภาคใต้ของประเทศจีน ในประเทศไทยพบได้ทุกภาคและพบไปจนถึงมาเลเซีย', 'ปลาสร้อยน้ำผึ้ง ในอดีตขึ้นชื่อมากในแง่ของการนำไปทำเป็นน้ำปลาที่มีรสชาติดี เป็นของขึ้นชื่อของจังหวัดราชบุรีในชื่อ \"น้ำปลาปลาสร้อยน้ำผึ้ง\" ', 0, 1, 1, 4, 5, '', '17/05/2017'),
(56, 1, 'พิคตัสแคทฟิช', '', '', '', '12', '6', 'f6a619c57b869bf31a92341586df33dc.jpg', '', '1. ขนาดโตเต็มที่ : 12 เซนติเมตร ทั้งในที่เลี้ยง และในธรรมชาติ ถิ่นกำเนิด : แพร่กระจายทั่วไปใน แม่น้ำอเมซอน และ โอริโนโค\r\n2. หากินเวลากลางคืน อยู่รวมเป็นฝูงใหญ่ ตามขอนไม้จมน้ำ และพืช้ใต้น้ำต่างๆ อาหารในธรรมชาติ : สัตว์น้ำขนาดเล็กทุกชนิด เช่นปลาเล็กๆ ครัสเตเชี่ยน หนอนไส้เดือน แมลงต่างๆ ตลอดจนซากสัตว์ต่างๆ เป็นต้น ชอบหากินอยู่ตามพื้นท้องน้ำ\r\n3. ลักษณะ : เป็นแคทฟิชขนาดเล็กที่ไม่ดุร้าย ชอบอาศัยรวมกันเป็นฝูง ใช้หนวดยาว ในการหาอาหารและทิศทาง ว่ายน้ำได้อย่างรวดเร็วว่องไว รูปร่างเพรียวยาว ลำตัวสีเงินอมเทา มีจุดประสีดำขนาดใหญ่กระจายอยู่ทั่วลำตัวและครีบต่างๆ', 'ไม่พบข้อมูล', 0, 1, 3, 4, 2, '', '17/05/2017'),
(57, 1, 'ปลาสเตอร์เจียน', '', '', '', '500', '100', 'e7db7a0674f575778f3e7e30f9e03f59.jpg', '', '1.มีลักษณะลำตัวยาว ส่วนของหางเหมือนปลาฉลาม มีเกล็ดเป็นหนามแหลม ๆ เรียงเป็นแถวอยู่บนลำตัว ปลายปากเรียวแหลม ช่องปากอยู่ด้านล่างของลำตัวมีหนวดขนาดเล็กหลายเส้นรอบ ๆ ปากไว้รับสัมผัส ส่วนหลังมีสีดำอมเทา ส่วนท้องและขอบครีบต่าง ๆ มีสีขาว เมื่อยังเล็กส่วนท้องจะมีสีขาว ส่วนขอบของครีบมีสีขาว พื้นลำตัวมีสีเทาและหนามบนหลังมีสีขาว\r\n2.ในธรรมชาติพบการแพร่กระจายในเขตหนาวของทวีปยุโรป เช่น ทะเลดำ, ทะเลสาบแคสเปียน และทะเลเอเดรียติก หากินอยู่ตามพื้นน้ำโดยใช้หนวดสัมผัส อาหารได้แก่ ปลาขนาดเล็กและสัตว์น้ำชนิดต่าง ๆ', 'ไม่พบข้อมูล', 0, 1, 3, 3, 4, '', '17/05/2017'),
(58, 1, 'ปลาไทเกอร์โชวเวลโนส', '', '', '', '120', '20', 'a2b27acd820bc8983c38699f93f56332.jpg', '', '1.มีลำตัวเรียวยาว ส่วนหัวแบน ปากยื่นออกมามากคล้ายเสียม มีหนวด 3 คู่ ใช้คลำทางหาอาหาร เนื่องจากตามีขนาดเล็กและการมองเห็นไม่ค่อยดี ครีบอกมีเงี่ยงแข็ง พื้นลำตัวสีน้ำตาลเทา มีลายสีดำคาดขวางลำตัวคล้ายลายของเสือโคร่งอันเป็นที่มาของชื่อ บริเวณครีบและหางมีจุดสีดำกระจายทั่วไป ขนาดเมื่อโตเต็มที่พบยาวสูงสุด 130 เซนติเมตร\r\n2.เป็นปลาที่หากินในเวลากลางคืน โดยมักจะหากินตามพื้นท้องน้ำ กินปลาและสัตว์น้ำชนิดต่าง ๆ เป็นอาหาร พบกระจายพันธุ์ทั่วไปในลุ่มแม่น้ำอเมซอนและลุ่มแม่น้ำโอริโนโคในทวีปอเมริกาใต้ ตั้งแต่ประเทศโบลิเวีย, เปรู, บราซิล, โคลอมเบีย, เอกวาดอร์, เฟรนช์เกียนา และเวเนซุเอลา', 'ไม่พบข้อมูล', 0, 4, 3, 1, 4, '', '17/05/2017'),
(59, 1, 'ปลาไบเคอร์', '', '', '', '90', '10', '3dd837afecaf6ee31f1b63b3c05135bf.jpg', '', '1.ปลาไบเคอร์ทุกชนิด มีความยาวโดยเฉลี่ยประมาณ 1-2 ฟุต ที่มีขนาดยาวที่สุด คือ Erpetoichthys calabaricus ที่มีความยาวได้ถึง 90 เซนติเมตร แต่ก็เป็นชนิดที่มีลำตัวเรียวผอมมากที่สุดด้วย อีกทั้งยังไม่มีครีบท้อง\r\n2.จัดเป็นปลาที่มีนิสัยไม่ก้าวร้าว ชอบอยู่นิ่ง ๆ หลบซ่อนตัวตามโขดหินใต้น้ำเพื่อหาอาหารใต้น้ำกิน ซึ่งสามารถกินได้หลากหลาย ในช่วงที่ยังเป็นวัยอ่อน เหงือกจะโผล่ออกมาเป็นกิ่งก้านสาขาคล้ายต้นไม้ให้เห็นออกมาภายนอกบริเวณแผ่นปิดเหงือกด้านข้างลำตัว และจะค่อย ๆ หายไปเมื่อโตเต็มที่\r\n3.ปลาไบเคอร์ทุกชนิด เป็นปลาที่นิยมเลี้ยงกันเป็นปลาสวยงาม ด้วยอุปนิสัยที่ไม่ดุร้ายก้าวร้าว ซ้ำยังมักจะหากินบริเวณใต้น้ำ จึงทำให้นิยมเลี้ยงเป็นปลาร่วมตู้กับจำพวกอื่น ซึ่งจะกินอาหารจำพวก เศษอาหารที่ตกค้างจากการกินเหลือของปลาอื่น หรือแม้แต่อาหารเม็ดก็สามารถกินได้เช่นกัน', 'ไม่พบข้อมูล', 0, 1, 3, 4, 2, '17/05/2017', '');

-- --------------------------------------------------------

--
-- Table structure for table `halo`
--

CREATE TABLE `halo` (
  `id` int(6) NOT NULL,
  `name` varchar(100) CHARACTER SET utf8 COLLATE utf8_unicode_ci NOT NULL,
  `detail` text CHARACTER SET utf8 COLLATE utf8_unicode_ci NOT NULL
) ENGINE=InnoDB DEFAULT CHARSET=latin1;

--
-- Dumping data for table `halo`
--

INSERT INTO `halo` (`id`, `name`, `detail`) VALUES
(2, 'เสริมดวงชะตาราศรี', 'เสริมดวงชะตาราศรี');

-- --------------------------------------------------------

--
-- Table structure for table `living`
--

CREATE TABLE `living` (
  `id` int(5) UNSIGNED NOT NULL,
  `name` varchar(100) NOT NULL,
  `detail` text NOT NULL
) ENGINE=InnoDB DEFAULT CHARSET=utf8;

--
-- Dumping data for table `living`
--

INSERT INTO `living` (`id`, `name`, `detail`) VALUES
(1, 'รักสันโดษ', 'ไม่สามารถเข้ากลุ่มใดๆ ได้ หรืออีกเหตุผลหนึ่งอาจเป็นปลาที่ห่วงถิ่นอาศัย'),
(2, 'อยู่เป็นคู่', 'ชอบอยู่เป็นคู่ ว่ายไปไหนมาไหนพร้อมกัน'),
(3, 'อยู่เป็นกลุ่มตั้งเเต่3ตัวขึ้นไป', 'ชอบว่ายน้ำอยู่รวมกันหลายตัวโดยมีเจ้าฝูง โดยสังเกตุง่ายๆปลาตัวนั้นจะลักษณะตัวใหญ่ที่สุดในกลุ่ม'),
(4, 'เลี้ยงรวมกับปลาอื่นได้', 'สามารถเลี้ยงรวมกับปลาอื่นๆที่ตัวเท่ากันได้ ส่วนมากจะเป็นที่มีนิสัยไม่ดุร้าย');

-- --------------------------------------------------------

--
-- Table structure for table `member`
--

CREATE TABLE `member` (
  `id` int(5) UNSIGNED NOT NULL,
  `title` varchar(10) NOT NULL,
  `fullname` varchar(150) NOT NULL,
  `birthdate` varchar(10) NOT NULL,
  `address` text NOT NULL,
  `email` varchar(50) NOT NULL,
  `password` varchar(32) NOT NULL,
  `phone` varchar(15) NOT NULL,
  `date_create` varchar(10) NOT NULL,
  `date_activity` varchar(19) NOT NULL,
  `picture` varchar(100) NOT NULL,
  `role` enum('admin','member') NOT NULL DEFAULT 'member'
) ENGINE=InnoDB DEFAULT CHARSET=utf8;

--
-- Dumping data for table `member`
--

INSERT INTO `member` (`id`, `title`, `fullname`, `birthdate`, `address`, `email`, `password`, `phone`, `date_create`, `date_activity`, `picture`, `role`) VALUES
(1, '', 'เจ้าบ้าน (Fish Master)', '01/03/2016', 'no', 'admin@email.com', '1234', '0000000000', '30/03/2016', '', 'admin@email_com.jpg', 'admin'),
(2, 'นาย.', 'ลูกบ้าน1นะ', '01/03/2016', 'no', 'arnold@email.com', '12345', '0000000000', '', '', 'arnold@email_com.jpg', 'member'),
(3, 'นาย.', 'SupCupNT', '25/05/2017', '555', 'supcup2535@gmail.com', '06042535', '5555', '23/05/2017', '', 'supcup2535@gmail_com.jpg', 'member'),
(4, 'นาย.', 'อภิสิทธิ์', '11/06/2536', '2232323', 'peng009@hotmail.com', '077548202', '203232323', '27/05/2017', '', 'peng009@hotmail_com.jpg', 'member'),
(6, 'นาย.', 'ปิรันย่า ปลาปีศาจ', '24/04/2535', '---', 'piranya@email.com', '123456', '0980001123', '30/05/2017', '', 'piranya@email_com.jpg', 'member'),
(7, 'นาย.', 'ไชโย โห่ฮิ้ว', '29/06/2539', 'hgjgjhgj', 'chaiyo@email.com', '12345', '2323232333', '', '', 'chaiyo@email_com.jpg', 'member');

-- --------------------------------------------------------

--
-- Table structure for table `migrations`
--

CREATE TABLE `migrations` (
  `version` bigint(20) NOT NULL
) ENGINE=InnoDB DEFAULT CHARSET=utf8;

--
-- Dumping data for table `migrations`
--

INSERT INTO `migrations` (`version`) VALUES
(11);

-- --------------------------------------------------------

--
-- Table structure for table `nature`
--

CREATE TABLE `nature` (
  `id` int(5) UNSIGNED NOT NULL,
  `name` varchar(100) NOT NULL,
  `detail` text NOT NULL
) ENGINE=InnoDB DEFAULT CHARSET=utf8;

--
-- Dumping data for table `nature`
--

INSERT INTO `nature` (`id`, `name`, `detail`) VALUES
(1, 'เป็นมิตร', 'ปลานิสัยดีรักสงบ สามารถอยู่กับปลาสายพันธ์อื่นได้'),
(2, 'นักสู้', 'เป็นปลาที่มีนิสัยชอบก่อกวนชาวบ้าน เเต่ถ้าเราสังเกตุดีๆ ปลาประเภทนี้ก็สามารถอยู่ด้วยกันกับปลาชนิดอื่นได้ ถ้ามีขนาดที่ใกล้เคียงกัน'),
(3, 'ก้าวร้าว', 'เป็นปลาที่ชอบเเอบกัดปลาตัวอื่นอยู่เรื่อย ผู้ใช้ควรสังเกตุพฤติกรรมปลาชนิดนี้ดีๆ ถ้าก้าวร้าวเกินไป ผู้เลี้ยงควรนำออกมาเลี้ยงเเยกกับปลาที่ขนาดใหญ่กว่า จะช่วยได้ไม่มากก็น้อย'),
(4, 'ดุร้าย', 'เป็นปลาที่นิสัยดุร้าย ชอบนอนตามพื้นน้ำนิ่งๆ รอเหยื่อเข้ามาใกล้ๆเเล้วเเล้วจึงทำการโจมตี เเต่หากผู้หญิงให้อาหารเพียงพอ นิสัยความดุร้ายคงลดลงได้'),
(5, 'หวงถิ่นอาศัย', 'เป็นปลาที่นิสัยดุร้าย มีฟันเเหลมคม ห่วงถิ่นอาศัย โดยเฉพาะอย่างยิ่งในฤดูผสมพันธุ์ปลาจำพวกนี้เป็นผู้ดูแลไข่และลูกอ่อน จะกัดและทำร้ายสัตว์ทุกชนิดที่ผ่านเข้ามาใกล้รัง ไม่เว้นแม้กระทั่งมนุษย์ ');

-- --------------------------------------------------------

--
-- Table structure for table `pool`
--

CREATE TABLE `pool` (
  `id` int(5) UNSIGNED NOT NULL,
  `shape` varchar(100) NOT NULL,
  `detail` text NOT NULL,
  `property` text NOT NULL,
  `describtion` text NOT NULL,
  `believe` text NOT NULL,
  `suggestion` text NOT NULL,
  `picture` varchar(32) NOT NULL
) ENGINE=InnoDB DEFAULT CHARSET=utf8;

-- --------------------------------------------------------

--
-- Table structure for table `webboard`
--

CREATE TABLE `webboard` (
  `id` int(5) UNSIGNED NOT NULL,
  `posted_by` int(5) UNSIGNED NOT NULL,
  `title` varchar(100) NOT NULL,
  `detail` text,
  `views` int(5) NOT NULL,
  `date_create` varchar(19) NOT NULL,
  `date_modify` varchar(19) NOT NULL
) ENGINE=InnoDB DEFAULT CHARSET=utf8;

--
-- Dumping data for table `webboard`
--

INSERT INTO `webboard` (`id`, `posted_by`, `title`, `detail`, `views`, `date_create`, `date_modify`) VALUES
(2, 1, '4 ปลามงคลเลี้ยงเสริมบารมี', '<p style=\"text-align:center\"><img alt=\"\" src=\"http://www.infinitydesign.in.th/wp-content/uploads/2016/11/Facebook33.jpg\" style=\"height:293px; width:560px\" /></p>\n\n<p><span style=\"font-size:16px\">&nbsp; &nbsp;<span style=\"color:#A52A2A\">แต่ก่อนอื่นก็ต้องขอบอกก่อนนะคะว่านี้เป็นความเชื่อที่มีมาตั้งแต่โบร่ำโบราณ โดยเฉพาะคนจีนที่เชื่อว่าเหล่าสัตว์มงคล เช่น มังกร ม้า สิงโต ปลา นก จะช่วยให้ธุรกิจเจริญรุ่งเรืองที่สำคัญก็เป็นจริงซะด้วยแต่ก็ต้องมาจากความขยันของเจ้าของเองด้วยนะคะถึงจะสำเร็จ<br />\n&nbsp; &nbsp;วันนี้เราเลยจะขอหยิบยกเจ้าปลามงคลนิแหละคะมาพาเพื่อนๆเลี้ยงว่าแต่จะมีชนิดไหนกันบ้างก็ตามเกาะขอบบ่อไปดูกันเลย&nbsp;</span></span></p>\n\n<p style=\"text-align:center\"><img alt=\"ปลาคาร์ฟ\" src=\"http://www.infinitydesign.in.th/wp-content/uploads/2016/11/18-450x235.jpg\" style=\"height:235px; width:450px\" title=\"ปลาคาร์ฟ\" /></p>\n\n<h1 style=\"text-align:center\"><span style=\"color:#FF0000\"><strong>1. ปลาคาร์ฟ&nbsp;</strong></span></h1>\n\n<h1><br />\n&nbsp;<span style=\"color:#8B4513\"><span style=\"font-size:16px\">&nbsp; ขอเริ่มจากปลายอดฮิตติดชาร์ทนั้นก็คือ ปลาคาร์ฟ ซึ่งชื่อปลาคาร์ฟตามหลักคนจีนมาจากคำว่า&nbsp;หลี่&nbsp;หมายถึง ผลกำไรหรือประโยชน์ ปลาคาร์ฟ จึงเป็นสัญลักษณ์ของความปรารถนาที่จะได้มาซึ่งผลกำไรจากการทำธุรกิจนั้นเองค่ะ ส่วนจำนวนการเลี้ยงก็จะเริ่มตั้งแต่&nbsp;1 ตัว ,3 ,5,7 หรือ 9 ตัว ถึงจะถือว่าเป็นมงคลคะ<br />\n&nbsp;&nbsp;&nbsp;ส่วนถิ่นฐานเดิมของปลาคาร์ฟจะมาจากประเทศอิหร่าน ก่อนจะเข้ามาอิทธิพลกับประเทศญุี่ปุ่น ซึ่งตามความเชื่อของฮวงจุ้ยญี่ปุ่นก็บอกไว้ว่าสายพันธุ์ที่ดีและเป็นมงคลก็คือ&nbsp;<strong>&ldquo;พันธุ์โคฮากุ และ ตันโจ&rdquo;&nbsp;</strong>สีประจำตัวคือสีแดงและสีขาวเป็น (สีแดง&nbsp;&nbsp;หมายถึง&nbsp;:&nbsp;<strong>อำนาจและโชคลาภ ส่วน /</strong>สีขาว&nbsp;&nbsp;หมายถึง :&nbsp;<strong>สิ่งที่ดีมีมงคล)&nbsp;</strong>รู้แล้วก็ลองไปเลือกซื้อให้ถูกตามหลักนะคะเผื่อชีวิตจะดีดี๊กับเค้าบ้าง</span></span></h1>\n\n<hr />\n<p>&nbsp;</p>\n\n<p style=\"text-align:center\"><img alt=\"ปลาเงิน ปลาทอง\" src=\"http://www.infinitydesign.in.th/wp-content/uploads/2016/11/34c45233906491b4bffb42f7ee854fb8-450x386.jpg\" style=\"height:386px; width:450px\" title=\"ปลาเงิน ปลาทอง\" /></p>\n\n<h1 style=\"text-align:center\"><span style=\"color:#FF0000\"><strong>2.ปลาเงิน ปลาทอง</strong></span></h1>\n\n<h1><br />\n<span style=\"color:#A52A2A\">&nbsp; &nbsp;</span><span style=\"font-size:16px\"><span style=\"color:#A52A2A\">ปลาเงิน ปลาทอง มีต้นกำเนิดจากประเทศจีนและญี่ปุ่น เป็นสัญลักษณ์ของการมีเงินทองล้นหลาม คนจีนจึงนิยมให้กันเป็นของมงคล ส่วนจำนวนการเลี้ยงตามความเชื่อบอกไว้ว่าให้เลือก&nbsp;8 ตัว เป็นสีทอง และสีดำอีก 1 ตัว</span><br />\n<span style=\"color:#A52A2A\">&nbsp;&nbsp;&nbsp;เพราะในความหมายบอกไว้ว่า &nbsp;8 เป็นเลขที่แสดงถึงความไม่สิ้นสุดหมายถึงทำให้เรามีเงินทองไม่มีที่สิ้นสุด ส่วนปลาสีดำ 1 ตัว คือหลักความเชื่อของไทยที่นับถือว่าเลข 9 เป็นเลขมงคล เลยต้องมีไว้ทั้ง 2 ศาสตร์จึงจะได้ดียิ่งๆขึ้นไปส่วนสาบพันธุ์ที่นิยมก็ได้แก่&nbsp;กลุ่มสายพันธุ์หัวสิงห์ ออรันดา หรือฮอลันดา เกล็ดแก้ว ตาโปน ริวกิ้น ตาลูกโป่ง ชูบุงกิ้น และ โคเมท เป็นต้น</span></span></h1>\n\n<hr />\n<p>&nbsp;</p>\n\n<p style=\"text-align:center\"><img alt=\"ปลาหมอสี\" src=\"http://www.infinitydesign.in.th/wp-content/uploads/2016/11/113-450x300.jpg\" style=\"height:300px; width:450px\" title=\"ปลาหมอสี\" /></p>\n\n<h1 style=\"text-align:center\"><span style=\"color:#FF0000\"><strong>3.ปลาหมอสี</strong></span></h1>\n\n<p>&nbsp;</p>\n\n<p><span style=\"color:#A52A2A\">&nbsp; &nbsp;</span><span style=\"font-size:16px\"><span style=\"color:#A52A2A\">เป็นอีกปลาคู่บารมีของผู้เลี้ยง โดยเฉพาะสายพันธุ์<strong>&nbsp;ครอสบรีด &ldquo;Cross Breed&rdquo;</strong>&nbsp;ที่ถูกนิยมนำมาเลี้ยงเป็นอย่างมากเพราะลักษณะดี ตามการพัฒนาสายพันธุ์กระทั่งมีสรีระ ลวดลายและสีสันที่งดงาม หัวจะโหนกกลมใหญ่อันเป็นลักษณะเด่น ยิ่งใหญ่ยิ่งดี หมายถึงการมีอายุยืนยาว ทรัพย์สินมากล้น ส่วนสีของตัวปลาเป็นสีแดง หมายถึงความเป็นสิริมงคล เม็ดมุกบนตัว โดยเฉพาะบริเวณหัวหมายถึงความสว่างสดใสรุ่งเรืองนั้นเอง<br />\n&nbsp;&nbsp;&nbsp;นอกจากนี้ยังเชื่อกันว่าปลาหมอสีมีความเกี่ยวพันกับหลักโหราศาสตร์ ธาตุดิน น้ำ ลม&nbsp;ไฟ หากโชคดีก็จะเจอตัวที่มีครบทั้ง 4 ธาตุ ถือว่าเป็นสุดยอดแห่งปลาหมอสีตัวที่มีสัญลักษณ์ของธาตุไฟ หมายถึงความฉลาด กระตือรือร้น,ธาตุดิน คือความสุขุมไตร่ตรองถ้วนถี่,ธาตุลม คือสติปัญญาความคิดสร้างสรรค์จินตนาการ และธาตุน้ำ หมายถึงการทำงานที่ว่องไวรวดเร็ว</span></span></p>\n\n<hr />\n<p>&nbsp;</p>\n\n<p style=\"text-align:center\"><img alt=\"ปลามังกรหรือปลาอะโรวาน่า\" src=\"http://www.infinitydesign.in.th/wp-content/uploads/2016/11/4c95c3a9a11348946a97dfbb3898a29f-450x339.jpg\" style=\"height:339px; width:450px\" title=\"ปลามังกรหรือปลาอะโรวาน่า\" /></p>\n\n<h1 style=\"text-align:center\"><span style=\"color:#FF0000\"><strong>4.ปลามังกรหรือปลาอะโรวาน่า</strong></span></h1>\n\n<p>&nbsp;</p>\n\n<p><span style=\"font-size:16px\"><span style=\"color:#A52A2A\">&nbsp; &nbsp;ปลามังกรทอง หรือ&nbsp;ปลาอโรวาน่า (Arowana) มีลักษณะเด่นที่รูปร่างคล้ายมังกร และเนื่องจากมังกรเป็นสัญลักษณ์แห่งความรุ่งเรือง มั่งคั่ง โชคลาภ อำนาจ บารมี ปลามังกรทองจึงเป็นที่รู้จักกันดีว่าเป็นปลาที่มีท่วงท่าและลีลาในการว่ายน้ำที่สง่างาม องอาจ เกล็ดมีขนาดใหญ่และสีสันแวววาว<br />\n&nbsp;&nbsp;&nbsp;อีกทั้งมีความเชื่อกันว่าเป็นปลานำโชค เพราะมีดีด้วยกัน 5 อย่าง คือ 1. เป็นตัวแทนแห่งมังกรในความเชื่อ 2. นำสุขภาพที่ดี ความสุข และโชคดีเข้าสู่บ้าน 3. ขับสิ่งชั่วร้าย หรือโชคร้ายออกจากบ้าน 4. เพิ่มความสัมพันธ์อันดีภายในครอบครัว และ 5. นำพาธุรกิจการค้าให้เจริญรุ่งเรือง นั้นเอง</span></span></p>\n\n<p>&nbsp;</p>\n\n<hr />', 23, '20/04/2016 12:38:57', ''),
(4, 1, 'ปลากินคนเทพเจ้าอูม่า ตำนานที่กลายเป็นจริง(ที่อินเดีย ณ เเม่น้ำคงคา)', '<p style=\"text-align:center\"><img alt=\"\" src=\"http://www.siamscubadiving.com/board/upload1/11815833152280.jpg\" style=\"border-style:solid; border-width:5px; height:309px; width:545px\" /></p>\r\n\r\n<p style=\"text-align:center\"><span style=\"font-size:22px\"><strong><span style=\"color:#6633ff\">ภาพฉลามวัวที่อยู่ในน้ำจืดเพื่อมาวางไข่</span></strong></span></p>\r\n\r\n<p><span style=\"font-size:16px\">&nbsp; &nbsp;<span style=\"color:#B22222\"><span style=\"background-color:#F0FFFF\">ตำนาน เทพเจ้ากินคนหลายสิบปีที่แล้วมีเรื่องเล่ากันว่ามีปลาออกมาทำร้ายคนจนไม่มี&nbsp;คนกล้าออกมาตักน้ำในแม่น้ำคงคา แม่น้ำคงคามีลักษณะขุ่นๆ เมื่อก่อนคนอินเดียใช้วิธีเผาศพแล้วก็มีปลาเข้ามาทำ ร้ายและปลาตัวนี้ถูกเรียกว่า</span><strong><span style=\"background-color:#F0FFFF\">เทพอูม่า</span></strong></span></span></p>\r\n\r\n<p><span style=\"color:#B22222\"><span style=\"font-size:16px\"><span style=\"background-color:#F0FFFF\">&nbsp; &nbsp;มีการจัดส่งเจ้าหน้าที่มาตรวจสอบปลา ตัวนี้ เจ้าหน้าที่ถึงกับตกใจจึงต้องเรียกนักวิทยาศาสตร์มาตรวจสอบปลาตัวนี้แต่ เมื่อวิทยาศาสตร์เทพอูม่าก็ไม่ยอมโพล่ตัวออกมาให้เห็น&nbsp;จึง จำเป็นต้องใช้เหยื่อล่อโดยการใช้แพะและให้คนถ่อไปที่กลางน้ำไม่นานเทพ เจ้าอูม่า ก็ปรากฎตัวขึ้นและเข้าจะเอาเหยื่อก็แพะล้มและเทพเจ้าอูม่าได้ทำร้ายเจ้า หน้าที่บาดแผลมากมายจนจึงก็ความตายเมื่อ เจ้าที่เห็นเทพเจ้าอูม่าก็ตกลง เทพเจ้าอูม่ามีขนาดตัวยาว&nbsp;4&nbsp;เมตร มีคลีบเป็นกระโดง และมีหางเป็นกระดงผิวหนังของเขาไม่มีเกล็ด </span></span></span></p>\r\n\r\n<p><span style=\"color:#B22222\"><span style=\"font-size:16px\"><span style=\"background-color:#F0FFFF\">&nbsp; &nbsp;จากที่นักวิทยาศาลตร์ว่าจะจับเป็นเลยเปลี่ยนใจเป็นจับตายเจ้าหน้าที่ใข้เวลา&nbsp;</span><strong><span style=\"background-color:#F0FFFF\">หลายวันที่จะพบตัวและเมื่อพบตัวก็ยิงจหมวกเทพอูม่าก็ลากจมวกไปดำลงใต้น้ำ และปล่อยทิ้งไว้&nbsp;</span></strong><strong><span style=\"background-color:#F0FFFF\">2&nbsp;วัน และเมื่อผ่านไป&nbsp;2&nbsp;วัน&nbsp;</span></strong><span style=\"background-color:#F0FFFF\">แล้ว เจ้าหน้าที่ตัดสินใจดำลงไปใต้น้ำจนพบอุโมงใต้น้ำที่เชื่อมต่อกับแม่น้ำ อีกสายแต่เจ้าหน้าที่ไม่กล้าดำลงไปด้วยสายน้ำที่แรงมาก เลยทิ้งปริศนาเทพอูม่าอยู่เช่นนั้นและเมื่อไม่นานนักวิทยาศาสตร์ได้พบเรื่อง น่ากลัวขึ้นที่แม่น้ำอะเมลซอล ขนาดตัววัดเป็นแนวยาวได้&nbsp;4&nbsp;เมตร มันคือ&nbsp;ปลาฉลามวัวแหล่ง น้ำที่เข้าไปพบ คือ ซุ่มน้ำอเมลซอล และนักวิทยาศาสตร์ได้รู้ว่าปลาฉลามวัวนี้สามารถอาศัยอยู่ในน้ำจืดได้และวัว ฉลากวัวนี้มีลักษณะชอบไหว้ทวนน้ำ มีลักษณะนิสัยดุร้ายมาก และฉลาม วัวมีนิสัยที่ชอบกินกันเองตัวไหนแข็งแรงกว่าก็จะกินตัวที่อ่อนแออ่อน เติบโตในน้ำแม่จนกระทั้งเป็นวัยรุ่นและว่ายกลับไปที่ทะเลเพื่อไปสืบพันธุ์ ต่อไป</span></span></span></p>\r\n\r\n<p>&nbsp;</p>\r\n\r\n<p style=\"text-align:center\"><img alt=\"ผลการค้นหารูปภาพสำหรับ ฉลามหัวบาตร\" src=\"http://www.bloggang.com/data/vinitsiri/picture/1306079111.jpg\" style=\"height:200px; width:350px\" />&nbsp; &nbsp; &nbsp; &nbsp; &nbsp; &nbsp; &nbsp; &nbsp;&nbsp;<img alt=\"ผลการค้นหารูปภาพสำหรับ ฉลามหัวบาตร\" src=\"data:image/jpeg;base64,/9j/4AAQSkZJRgABAQAAAQABAAD/2wCEAAkGBxMTEhUSEhIVFhUWFxUVFxYWFxcYFhcXGBYXGBYXFxcYHSggGBslGxYXITEhJSkrLi4uFx8zODMsNygtLisBCgoKDg0OGhAQGy0fHR0tLS0tLS0tLS0tLS0rLS0tLS0tLS0tLS0tLS0tLS0tLS0rLSstLS0rLS0tLSstNy0tLf/AABEIALIBHAMBIgACEQEDEQH/xAAbAAABBQEBAAAAAAAAAAAAAAACAAEDBAUGB//EAD0QAAEDAgQDBQYDBgcBAQAAAAEAAhEDIQQSMUEFUWEicYGRoQYTMrHB8EJi0RRSgpLh8QcVIzNDcrLCFv/EABkBAAMBAQEAAAAAAAAAAAAAAAABAgMEBf/EACURAQEAAgICAgEEAwAAAAAAAAABAhEDEiExE1FBIjJhcTNDgf/aAAwDAQACEQMRAD8A42U8oJTyvW24NClPKCU4Key0KUpQylKNloUpShSRsuopSlClKex1FKUppTJbGhSlKFJGxoUpSmTI2NClMmlOjY0SdMklsaOE6Zeg+xfsfpXxDb2LGHRu4c7m7pt36LLOYzdKS26jn+DeyFfENznLRp/vVAZP/WmLnxIWXxrhrsPVdSccxABDgIlrhIMSYOoiTpqvcqlC0BeV/wCJmGLcUxxJOek2JM/A5wIHL4hbqsMOa5ZaaZcfWORJTSnKElbFDymTSmlCzymlIlNKDOSmlMU0pbVIclMUpTSls9FKSYlNKWz0sSnQynBVsjpJpSlBClMklKY0Up0ySAeUpTJIB5SlMkjZaOlKZJGxo6Upkktg5TyhSQQk4Qq/wbh5r1W0xofiPJu/idEbTXQ+wvAPev8AfVB2GHsCNXD8XcDEde5es4WjAWZwfAimxrWiAAAB4bLdpNXDy8naujiw0jcxedf4u4Xs4apyNVn8wY4X/gd5r0moVxX+K1HNgw7dlamf5g9h/wDQU8V/XF8k/TXkBQp3ISu9z4kmKdCkskikmlJRSmSTJKOmKRKYoBJpTJ0lJsycIJTytNs9CTyhlKUbLQkpQylKC0KU8oUpTLQpSlNKSQOnQykmQkpQypcNSzODS9jBu55IaBzMAk9wBKWwBJb7eEYQC+LLjJvTfhQ2OZDqpf4AEqtT4Q2oC6jULhez2AGRtLXuBtvZEy36TllJ7ZCdWq/DazfipP7w0keYUdDC1HnKxjnEaw02/wCx0b4pjcRBekewfChTZncO065nYbBcdwnhTjUBqAANI/E0yddQSIHz8V6HhMUxoiWhZctutQsdWusoOA3VptYBceeKj95Qu4yefqVx/HXROWOwrYkc1z/tKwYjD1aW7mnL0cCC0x3gLIfxo7z9/MKH/Mjf8VttfJVMLLtN5NvMXgiQbESCOR3CBb/H8A5znVWt6vEi53cBuY1C58rrmW4iFCZJJCoZNKSSFEmKSsYTBOqaWH7x08OaVp7VkxUuKpZXFszG8dFCUtnCSSRNpk7IVs6eUIKUqtp0OUkKSNgUp5QylKey0KUpQynCNjQkpQykCjadCToUkbISQTAff3qr2H4ZUdqMo66/yj6wmm2T2pypcPnJ7Gafyz67ea28Pwhg1Bceun8ot5ytBlICwEDpYeSbO5xlYXDYjes9g5Ne6fQgD1Wo1z8uR1Wq8GCfePL9NLu0HQQOcqRrEQYjcZ+ajbZHnPNH7tL3aVyLoHMeabMVKKafIp7KmKAqOO8K3kQuppeFasQ/tT4jNbqGk+bgSs7EYRjiSWNvewj5LVNFROpImp6FtYr+Gs5EdxP1lQv4Y3ZzvQ/ott1NRupqvA3YwH8NcNCD5j9VA7CPG3qF0LqaifTR4XM6xKWGM9oW+a1qWJbZotsmfTUTqanKQ92+1Pi9DtZxdpi/I6R42v1WeVusqOaCLFpsWuEtIO0H6KkcKNgpi5npDhsNNyrwaBsmpUHIzIRU72xU8oUlToFKUoZToApTgoAnQkUpSmTSgClJJrSTAEk6AXK1MLwgm7zH5Rr4nbw80RNykZ1MEmACTyGq08Lwgm7zHRsE/wA2g9VrYfDtaIaMo6fd/FWGtTY3O/hXw+Eaz4Wgdd/M3VpjU4apA1VtnTNapWtTNapAlacLIiFNE1k7qzSwpNwP07hzOthdZ2rkVxTKRYrLGxaFYZTCm5aXMds73af3S1qeHnmpv2H7/VT8kP42H7tOKa2P2QffemGFCO8LpWV7pM6itg4ayjOHBRMyuDEfQUL6K3HYcKtUoBXMkXFjPpKB9NbFSkFA5jQqiLdMd1NR/s5Oy2QG6woMRiGhVovkv4UP2PmVXxOLpU7b8hc/0T46sSwuvABhoMeLovHQcrrm5UWtMcbfbph8OYxe4i4/qqFSqZ1KrYDG5ey49k6flP6KZ+qm2rmOmQnlDKUqtunQpTygBTynshSnlCpsPh3PMNE9dh3lCbQK1g8EX30bz/QbrSwnCWi7+0eX4R4b+PktSnTT0yyz+lbC4ZrBDR3nc95+gsrbGKWnTlWG0EWs/aBrFKxinbRUzaV9OSnsrqrin96KZlNkE++pyNmzVMzpFLMQrtDBErRpYQxv96LPLl0vHi37ci7idIH/AHJ6ChiZ88kR+oRs4owwGNqPPJtOt/8AVMLtm4Q8zHeURwXefvqo+dp8UckxtZ/w0nMH71TsmOjTfzClPs3TqEGsC8jSTb1BjTaLrsqPDpEgCZ0PP9L69VMKDRlIHZcCIMWJEifEQe9TeXfg5x6YtTBzFjyvO39kBwug379bdN10DWCWi+/mHE/onxdIb6HXSDrvsdD3xoo730fX8sBlMjfWLd/UKzmvp8irNSmBrfYzrr6R9mDaFxA+xzTvkb0ic/7+/L+yidU/v4j+nqpKh+/vwULiqxibRe8++X39EDnJnv8AvzQG6qRFqCtVuqr3q4cOSm/ZVrGVZVQlU6oJW1VoDSVQxrQ0Ez/crSVlVKjRzEgvDQ3UnWOg3Kw+M4n3VRvuzmESc4GskbRCtVqpWNxAy4EnaPWfqouTXHDXlI7igNoj1H0Kz8S9rjLQRz5E9yYs5ICxJpLCaVYZXcBFo66qo98IQ/qp2fWklKZJXtsdSUaLnGGifkO87K1gMAX9p1m7c3foPvqtyhQAEAQOQ0++qcjPLP6Z+E4SNX36DTx3Pp4rXo0wBAEDYCwHgpKdEq3SwbjoFW5Gd8oGtUzKS08Pwo6ukCYmDcnQCBJMA26Fb2E4G1olwHcPS3X6rHLlkVOOuYoYfxWjSwZO334LqqXDaY3Glh9O+VOzDtiP7rK8t+mk44wMLwkkSRclaH+Sgd/RbDS3SFKHLO5ZVcxkZjMFpAj+is08KRqFczI6ZU6qtq37N0VqlhQFImKXUbC2mA7vBHiND6n0Vd9MEEcngj0d/wCiVNWqgDXSfPRVS+193SegBAj09VWi2suoiD0dI8gLT93WRXrEvy5o0k+E39dFYOJc92UWAu4/Q+SoY9zW6m/PT70Cc1tOW/wkrMAtMmJ8Pv7sqLmXlUa3FiDaPG6ehxcZhnYQObZPoBJ8FtMWVyaHu/FMcL0VqljqESKjY5aHxBEjxG6hxfGsOwEh+YjZoJv3ugIkv0XhG3CKQYVTvxDQ3MDYgOHUG4KzMVxpgFz4I8luLb2AKjiMQ1upXNcW9sWNkNMnkLnx5LksZxmtWPxZWzFp5TcjXTbkVUshdLXU8Z9pGMJDe07kPqdvmuZq8Sr1HfHl1sIj1klRU+GyIBeTEiGiCIHaEnS/NFhKALiG53QBJEnlyHZF/RK5+FTj0s4es42dBIkE6T3eEIK4gzHeOf6qZ2CE2eeze0GJmMxsY5TbWFc/YZEe8m3wtGV1+/MI62Ftdln3v9xr1xivT4WKvw5QY1s2BE5zAsLa6aLHxeAe12UkGd9LgwRGvotulgMp3zQR2nkmOQggDbZC+nU17JaNJc8dQQSIETMKMe0vvweUxZLOHRrv0P1S/YGbg+f6rYZSaIBLd5Jn5XOvMo302zaq7wFvBadmd8OPlWsAxrndoiNb2B0tfv8ARVo1SAPMeS2lFdfSY2LvaB3zPcGgyp+HYrDOf7s1g1+zXtcye7OAFx2GrOpmWOLecRdXa3Ga1Rhp1HB7OTmtdHUSDlPUQUXOpmMejYfCtadQVeYQDaI+S8dpsaNLdyuUMdUb8NRw8T9Vnavq9Z4jgHVmBoq5bzaZBiJEGxj5bapqeCq5g6pUDjYE3h0NDbt2sBuvN6HH8QP+QnvVul7W1Bq5p/iU+D1k9TpUzH6K/TpAbry7De2pHxA+Ela2G9uqMdpzv5XfRGh5j0FrAjaAuMp+2tN3wMqu7qRjzKtUfaF5/wCJ7f8AtA+RU9R2deGhGwhcmOOO5FF/n4bc2T0O7rC8KN1Rci/2sYNSVWf7Z0xzPSyWj7OvqCVDiKZjouQPt60aUySqeP8Ab6o9pa2m1vVxJ9BHzU1U3XQ47iZpjKzW/h1WBXxTnHtGfksB/tE5xl7WnnlkehlWqHGKL4AeMx/CSAT4b+q245iyzmS28HVC0om1AUrH7n+y6GGjmt1UT3p301HkhNOkbycuVri0XNtJ3OWb310lc1xPDYi8nM07tMCObm6jxkdV0zgoypywlXhncWJg+DsAGjnESQZgdGgC/fsASpg1kOALS5lnECGi5Edo7REA2WkR5bjY/pz7wFE+k0uL8n+psc5pyNB2gZcR8oXJnhlj79OiZysyhjSWuBDJaScs5XnTWB2iWxB3RcOp5qbHPJJLnZSdTfWTZ1ydbjTSCHPAC4kNcDlGZ0vbF5IawPu51jI63FwiwuDqMjsuEkSAARljTW8amRr5Kdz8K0udjQa3JhrQCASCSTE3afLVA+tlgOMF2ZwLjAm+pAkg8/mrLMEB3CLFtgAXAkgGHRIv+U3VPieFfUHxQG9qH2giwIEls23ggSlKSzQqtJByNJBILT22jWRbUbxb4u9D7oAG1hBkHQSQRlEx96Ki+hXEg/CyBnzC3KZjsdLDvRcPDnAkVXZhNg1rrme1BfI8OuuiNnInGIp6CL3g25zNrHfzVSvi2zY+ZA8YKu1cKHHM9pOhgwWhwiDlLp5dEsRgKbzmcwGdy57fRttZT2NRxtvAJm1J0/X1Qz6feiWc93jK6GehBvNKYtHzQMq95Uog6juH3dApT9wo85mL9LWUrn6Akd36JO5+PJFKI2sLvibbaf0Wnw1lEH/VDo/Lus41eUKL9sIMJaX+qu5oY/AtHZw8nm9uY+pUw41QHw0AO5gC8+fiMx1uk53f9/RLQ6/b0H/9CB8NMDrABQ1Pah28DvcF56XSNBfojZVj8Njrrfy1GiWv5PrPp2tX2nJ/5GeBB+SoV+PDd5Pc0/UBcyamtoPLT+yGeXmjqcb1TjTfznyH1VapxzlT83fQN+qx3xuo3VAl1i41H8aqflHgSfUwoXcTqbvI7gB8gs17+XyQFyXg9L1TFk3JnvJPzUTsTPX5KqXIZT2OsbWC4/WpxlfIH4X9oDu3HgV0nDfaxr+y9padoOZvnYjy8VwUp/vbu8E5nYVwxvt63Qx7XaOH3b5j0U+cHdeUYPHupmW20t+E943Fls4f2ncLkWtYRE84OncFc5ftllwfTvICicwLFwvtLSIBLon96xHQ317jC0qHEWPHZeDtY7rWZyscuPKfgbmoHBTZ/v7+7ID3ppQ5joDbSDcRyHLuRNc1xgnJNiCM2eTcBx7N+RAva6chRub9lZ58OOXlrjnZ4XHUJGXKYFg2YgTIGwJn8UDbRRPa5oMS2b5r+IcJg85J2ChZWc0ZQ45dMvLWMp1bEzYwoK1ZzrFrRB7Lgb3IsWgNYBImTPduubLiyjWZSrjcPmAAc1wG5IdDtyRBAsQZFzptKbBvptcWggEGSGFpHWY3iLGNNVWdw4OZAcc7g4ANqObn0ORrs2QSWic0TF1KeHtptYBlgiI2iC7MYJ7Nz3GBusvDSS30N8AF2gvBaIyEg6g63tYaygp13CYqt1mC0yOl3W7lXxeGY85MzmQQR7o5A0XkQ1xJbOmW/gLKrhnnTKABADKdE2/MbdqZ52i8yA9wut24jK4DSSdhtykmEWUxt4I825H1JRNHf43XUx2dhMQLeA+ohE1nU/IoGvG5joL/ACQYmqBa5CZatTF+Xn5x6qnWribfqfJRud0P33lQnOfyjpb1Gqm1pjhpK5/7xjpefLZC+nfTXkfpqhbSi+p8wFbojLcgzsBOncjW1W6R0XOEzoeQUoeWiJme/wArKKriZMBpk7mEbROmg8uqaaZtSLW5kxPopBmi2+vZA8ApaOBJGbyNvSTZXaOCIIIE6GBy5a/OyWyvljuflsB3/VM1rnExmOnrtda9HBBxhtMlwvF78oB1+saLTp4Yi0BtpiQ0xvA+qi5Lxkc07C1P3Ce5VnkixEfrvddjhqTXuy52kkkBnOASLkdm3OPkr2H4axhyhpJmYIECSdYtpzJN+qi8innzKT3aNLu4Kelwqq78Md/VegVMGxzSCMpIN8saGCQDoVnYzBjRr2mNPiDnQL7xaCYNrJTPZuXw3BSSczxbkNegPNTVOCNjsuIO0iZ6/wBlrh7mmHMJECSRJdYGSBtoPuRZp1aeT3jpN4gFrWzYx/CJJ7kdhfDkqnCKoIECTtP0VR+He34mEeC7pz2uuxsgjVriZmwgxMGfTaVUqU5uAIkaC9tMxm57zGkp9g42I1Hnb0RNN11ruHtJOZjTtoNL/CIuZn7hV38HpH8Mci0x3W5xJun2NzRdZTYfGOYczSWnzWlU4A6ey5ukweXeNIhVKvDKg1aCPyn6TZPYamB9pHCA6mC0R8EtJ74sZ/VbFDjlN34yzpUAjW/bpzEDmLx5cW5hbYtI8xbvSZVAjQd36py2eqm4yvR6NVzoDcr5v2HA/OLp6j8vxtc3vBi3UW9V5/Re3We133Wrh/aeuw/7ki1iNQI/ECDpa+xV/JlP5Z3jxdU1wOhBHQpi1ZVD2novdmqU+0ZkloqN6RrFlr4WvQqgFmUnfKXtE9W/htew+gR8/wBwvi+qiAIJgxMgxuDsRoddCpaNbK7NBkfuujxDdJ10IHQaoWNDYNSm9wuC0Pa1w5GSYI2520mys0KNJzSQHEi5DjDm62LAfUzpZRnnx5e4vDthdwVJzaha8SMrrzOabG2XeJvPltOcU5nZudLjIRoNO0q1OkYAHaZEiwAMi8jUm2h/qjOLB1AJ0s50esLny0085ennmXTojaATz8/lujq0jFt+fzRspwIm/WfBde3OjcY6Ab2ie5U8W60rTZhJPaIO/Xu6J6uEbo7WN/W2yWzx1GA2qT/ZEat41HNagw7Kclxa0aD8Uk3ItqYUuHLHfAyfSTpJGU7mLSltdv0zmgRMjoBz2TNfmdd1zAgRPlyXRsoDLL6bWncTmjXR0DY8hCtYZjWiGNAm0gNJnvdPdczfxTtTtzGBwRe4uILWAxJgE32BiSt/A4JmWZDpmxPZ3122081dw+Fkhz4gGe0SIIFrA69bqas+8ZSTcbxB1BIFibWjnss7ket+xjDtN7aTyAvb4rAdTyUxZGo5Xj+pM3F+/koXPAA+LUiSB85jceYlDWbnAaWWtZ/ZaZE2kbjxuOd81dUNLI0gjORJaS0i5NyRu7QC/PW8GR+BZBe4WMEHNebatESeUXvtFypYem8ZiSMws4T0uNp0je2qsGm2X5iAIzXDjIAM+gvA3A3RaehcNqZruYIkuzRA3MyXGZ8TfZXmvGgda0tF7TzE8j965tKs0tdVa4HU5iMpMkF0h3wnbUXCVeowsNR8AASL5QBGhDhoLDQ6iwhZ5Y21pOuvKXE40B5A5xAgC2gjQAD5bEkBVKbXSWQRqy1omxFrbbCwB1kqjiqhpsc5zabTOXIHbREgzIbpJIk6RqFCPfGHOaymCCGyXODnbxldrJPxAQJNxJVa1CaMHK9rgLXa0SWtFi4j4Rmg6uFzMWIlVsKwt7THSIs2JDS43LSDOjtIEa6KLA+8Bh2Q8nHK5oebkxOYbchABiZUuJawRJJIMANc97rG8ki4sBaB4AlHqjWzYbBNMuczsy45n/DlFyT2vwjNtoJkKSn7t0uEEZgMpBbtMkmAN76W1sSgxFJ1amKTGkOIyw6o10n8Mw8gAATJNyCDpCiwTMgzVi1oJElr2v8Ahnlec0ixOotuJ2uYzX8tCpwum74gQDeJkkNu+GQLEZbk3MCedLCcKFR2aXWJF2zab6wdbEQB37TnFiQLtPaIeDJsYzOEl5gG+YNibZcyt4V4bmJaXthujsxIhwOeQQ45v4gOQIV+YUikODZj8YayQ7PlMNk7NAHOIFgeUKrX4DVcTlLHCGkTEkX7YgmeoJAA13jZoPZ7w5fdjsuzU3Nec7WxEubM3BkOBAkGdIiZTd+BmVgcZAOYtcTdrc5D5mTmgCxgJTNVxxczX4VViAyxm0BxMC4gHWDp1sFWb7PkxNBzT/1iQJ2Asei7iAGZMuUuHx2yud0cYJMvnNrNuYTza7jFtzliLSCTAk+Q8UfJU6ee4ngeXWm9uv4XDpv3KlU4XE9sW5t6BepF4bF5naQMst+IZTzEfxG+yq1DLfwQBlJdPoQQLjbS2hhOcqbHl7sK4Xa4Ec9B3f0R4elVY4PDe0JgtgkWIMarusRSaIDGtvAFxe0G7jlgRfYDXW+g/DB2WpTdltyeQSQdHGQJANzAmdItXyDrK5PAcQxbiA+iajZFnRSOxDQ6LTGwMzutqp8Ba+hVaQYjUkEfvD4uVpFtArlZtwIBA3nQzqD8Wo0mdbRdWK4Jbe0DsgBpjs66W7W5iIUXIXFRq4ZxADHkW/FMwbiIfaCrZr5QAHTYSdL77p8zrmRa4sHAgTBkX0GoBgQss8Tpm9RhLjfs5yANgl5qbNOZp797fknwdze/YPzCZJdTH8jqG7Pv8IU2EYLmBr9SkkkFPiP+2f4fmi9mP9v+J/8ARJJFXPS/T1b1fB696mbd9NpuC64OhuBcJJKRUOBPbHXNPXtgX52stDHvIFiRoLHbK63oPJJJTVRZNxfu8LKDizB+y5oGYVQA7cA0QSAdhN+9MkoVj7S8McTSbJNzTnrIdPyCqYJ5IuSZc0GeRIkdySSV/dG/H/iy/wCLTzDHkWM0rix7RGbz3UPFGiAYvDTO89gz6nzSSVT256jiKtaNn1Y6Q8xHKF0fBj/o0TzomesNtPOEklGZs6iexTO5NzuYLYk7rQYY93FpLtLfhJ+g8kkks/w0x9Kld5FQQTo/f8gUftrTDKQyAN/02O7Ii5Jk236pJKf9s/o8f20fs52qTc15ZmM3lzWVC1xncESCoeKjLWpNbZp1AsDpqBqkktURs8HeXNeHEkAOIm8H31dsidDFu5DxZo93hrC+cnqcwEnmkksp7is/3UfEWAAQALt070b/AIJ3AMHlbZOkipnpGbB0bF//ALKo4u2UixzOuOjJHrdJJOBnYCocxEm9R031iYWpTEU2kWOsjWcr7+g8gkkqpz2sYO8g3BNwbhKtYgixL4J3IzRB8LJklmeXtVovP+rc2c6OnZ2WNUoND3gNbAe7Yc0klrPaa//Z\" style=\"height:200px; width:350px\" /></p>\r\n\r\n<p style=\"text-align:center\"><strong><span style=\"color:#FF0000\"><span style=\"font-size:16px\">ฉลามหัวบาตรหรือฉลามวัว สามารถอาศัยอยู่ได้ทั้งน้ำเค็มเเละน้ำจืด โดยมีนิสัยดุร้าย</span></span></strong></p>\r\n\r\n<p style=\"text-align:center\">&nbsp;</p>\r\n\r\n<p style=\"text-align:center\">&nbsp;</p>\r\n\r\n<p style=\"text-align:center\"><img src=\"http://www.thairath.co.th/media/NjpUs24nCQKx5e1D7IKv4BcWQacfPuFNjFYjkRcQiCK.jpg\" style=\"border-style:solid; border-width:5px; height:337px; width:600px\" /></p>\r\n\r\n<p style=\"text-align:center\"><strong><span style=\"color:#B22222\"><span style=\"font-size:14px\">ชาวประมงที่ราชบุรี วางข่ายในแม่น้ำแม่กลองติด &lsquo;ลูกฉลามหัวบาตร&rsquo; น้ำหนัก 5 กิโลกรัม<br />\r\nที่มา:&nbsp;<a href=\"http://www.thairath.co.th/content/513477\">http://www.thairath.co.th/content/513477</a></span></span></strong></p>\r\n\r\n<p style=\"text-align:center\">&nbsp;</p>\r\n\r\n<p style=\"text-align:center\"><img alt=\"\" src=\"http://www.siamscubadiving.com/board/upload1/11815827622280.gif\" style=\"border-style:solid; border-width:13px; height:340px; width:545px\" /></p>\r\n\r\n<p style=\"text-align:center\"><span style=\"color:#0000FF\"><span style=\"font-size:22px\">ภาพจำลองอวัยวะต่างๆของปลาฉลามหัวบารตหรือฉลามวัว</span></span></p>\r\n\r\n<p style=\"text-align:center\">&nbsp;</p>\r\n\r\n<p style=\"text-align:right\"><span style=\"font-size:20px\">อ้างอิง:&nbsp;<a href=\"https://www.youtube.com/watch?v=pnA5DT3ilQw\">https://www.youtube.com/watch?v=pnA5DT3ilQw</a></span></p>\r\n\r\n<p style=\"text-align:center\">&nbsp;</p>\r\n\r\n<hr />\r\n<p>&nbsp;</p>\r\n', 4, '16/05/2017 05:02:46', '');
INSERT INTO `webboard` (`id`, `posted_by`, `title`, `detail`, `views`, `date_create`, `date_modify`) VALUES
(5, 1, 'ปลามังกรตามหลักมาตรฐานมาดูกันว่ามีกี่เเบบมีกี่สายพันธ์', '<p style=\"text-align:center\"><img alt=\"\" src=\"http://www.aro4u.com/forums/uploads/post-2-1223164392.jpg\" /></p>\r\n\r\n<p style=\"text-align:center\"><span style=\"font-size:22px\"><strong><span style=\"background-color:#E6E6FA\">1. Asian Arowana สายเอเซีย&nbsp;</span></strong><span style=\"background-color:#E6E6FA\">โดยแบ่งย่อยออกเป็น 4 สายพันธุ์ดังนี้</span></span><br />\r\n<br />\r\n<span style=\"color:#DAA520\"><span style=\"font-size:16px\"><strong><span style=\"background-color:#FFFFE0\">- ทองมาเลเซีย (Malayan Bonytongue)</span></strong></span></span><span style=\"font-size:14px\"><span style=\"background-color:#FFFFE0\">&nbsp;</span><span style=\"background-color:#FFF0F5\">หรือที่เรียกสั้นๆ ว่า &ldquo;</span><u><span style=\"background-color:#FFF0F5\">ทองมาเลย์</span></u><span style=\"background-color:#FFF0F5\">&rdquo; ปลามังกรสายพันธุ์นี้มีต้นกำเนิดอยู่ที่ประเทศมาเลเซียเพื่อนบ้านของเรานี่เอง แม้ชื่อจะบอกว่าเป็น &ldquo;ทอง&rdquo; แต่จริงๆ แล้ว Base สีมีหลายสีไม่ว่าจะเป็น สีทอง สีเขียว สีน้ำเงิน และ สีม่วง ซึ่งแต่ละสีความสวยงามและราคาก็แตกต่างกันไป ตัวอย่างเช่น หากพื้นเกล็ดเป็นสีทองก็จะเป็นทองแวววาวเงางาม และสุกสว่าง อร่ามตา แต่หากพื้นเกล็ดมีสีม่วงน้ำเงิน ดูแล้วจะเหมือนกับตัวปลาใส่เสื้อเกราะ มีมิติของสีมากขึ้นเพราะเนื้อในเกล็ดจะเป็นสีน้ำเงิน แต่มีการตัดขอบสีทองเป็นวงเกล็ดตลอดทั้งตัว ถามว่าแบบไหนสวยกว่า ? ตอบไม่ได้ครับเพราะของแบบนี้แล้วแต่คนชอบครับ แต่ไม่ว่าจะสีใดก็ตาม สำหรับสายพันธุ์ทองมาเลเซียแล้ว เมื่อปลาโตขนาดได้ที่โดยมีความยาวประมาณ 20&rdquo; เกล็ดจะขึ้นมาถึงด้านหลัง (เกล็ดแถวที่ 6) หรือที่เรียกว่า Cross Back&hellip; แต่ทว่าการข้ามหลัง ไม่ได้หมายความว่าจะข้ามหลังหมดจดทุกตัว บางตัวก็แค่เกือบข้าม บางตัวก็ข้ามแต่ยังไม่หมดจด&hellip; จะหาเนียนหมดจดทั้งทั้งหลังจริงๆ มีไม่มากนัก&nbsp;</span><br />\r\n<br />\r\n<span style=\"background-color:#FFF0F5\">สำหรับเรื่อง Base สีของตัวปลา หากเป็นปลาทองแบบ Full Gold ก็จะเป็นทองทั้งตัว ทั้งหัว แก้ม ครีบและหาง ซึ่งตลอดตัวจะเป็นโทนสีเดียวกัน (เหมือนทองคำแทงว่ายน้ำได้) ถ้าเป็น Gold Base ก็จะเป็นสีทองเหมือนกันแต่จะไม่หมดจดทั้งตัว สีเกล็ดด้านในยังมีอมดำ ที่หัวก็เช่นกัน ส่วนใบหางแม้จะมีละอองทองขึ้นมาเต็มแผ่นแต่ก็ยังเห็นเป็นสีส้มเข้มหรือเลือดหมู แต่หากเป็น Blue Base สีเกล็ดจะเป็นสีม่วงและยิ่งเมื่อเวลาต้องแสงไฟก็จะยิ่งเห็นได้อย่างชัดเจน เครื่องครีบของ Blue Base จะเป็นสีเลือดหมูเข้มจัด และสีของตาเป็นเป็นสีแดง&hellip;</span></span></p>\r\n\r\n<p style=\"text-align:center\">&nbsp;</p>\r\n\r\n<p style=\"text-align:center\"><img alt=\"\" src=\"http://www.aro4u.com/forums/uploads/post-2-1223164401.jpg\" style=\"border-style:solid; border-width:0px; height:250px; width:320px\" />&nbsp; &nbsp; &nbsp; &nbsp; &nbsp; &nbsp; &nbsp; &nbsp; &nbsp; &nbsp; &nbsp; &nbsp; &nbsp;&nbsp;<img alt=\"\" src=\"http://www.aro4u.com/forums/uploads/post-2-1223164413.jpg\" style=\"border-style:solid; border-width:0px; height:250px; width:320px\" /><br />\r\n&nbsp;</p>\r\n\r\n<p style=\"text-align:center\"><span style=\"font-size:14px\"><span style=\"background-color:#FFF0F5\">ทองมาเลย์ในวัยเล็กดูยากมากว่าโตขึ้นมาแล้วจะเป็นสีไหน ? แม้แต่ปลาคอกเดียวกันก็ไม่ได้หมายความว่าจะมี Base สีเดียวกัน บางตัวเป็น Gold Base บางตัวเป็น Blue Base&hellip; ยิ่งปัจจุบันมีการแบ่งชั้นของเกรด และชื่อสายพันธุ์ย่อยมากขึ้น ดังนั้นนอกจากจะดูสียากแล้ว ยังดูแวว (ว่าไปได้ไกลแค่ไหน) ยากอีกด้วย ปลามังกรสายพันธุ์นี้เป็นปลาที่มีราคาแพงและเปราะบางมาก เวลาเลี้ยงดูก็ต้องเอาใจใส่เป็นพิเศษหน่อย เพราะทั้งครีบและเกล็ดไม่ค่อยแข็งแรง แตกหักง่ายและการรักษาตัวก็ค่อนข้างใช้เวลานานทั้งในปลาเล็กและปลาใหญ่ ฉะนั้นในการเลี้ยงดูโดยเฉพาะการโยกย้ายปลา หากไม่รู้วิธีที่ถูกต้องก็ควรให้ผู้ที่มีความรู้มีความชำนาญมาช่วยดีกว่านะครับ เพราะถ้าปลาบาดเจ็บเสียหายแล้วจะไม่คุ้มกัน&nbsp;</span></span><br />\r\n<br />\r\n<span style=\"font-size:14px\"><span style=\"background-color:#FFF0F5\">ลักษณะโดยทั่วๆ ไปของสายพันธุ์ทองมาเลย์ก็คือ &ldquo;</span><u><span style=\"background-color:#FFF0F5\">เครื่องครีบ</span></u><span style=\"background-color:#FFF0F5\">&rdquo; จะเล็กไม่ใหญ่เหมือนสายพันธุ์อื่น ลักษณะหัวและหน้าจะทู่สั้น แต่สีสันความแวววาวมาเป็นที่หนึ่ง ที่เกล็ดละเอียดเล็กๆ ใต้ครีบหลังจะมีการเปิดเป็นสีทองเต็มเกล็ดด้วยในขณะที่ทองอินโดจะไม่มีหรือมีก็แค่เพียงประปลายไม่ชัดเจน ทองมาเลย์โดยทั่วๆ ไปจะมีตำหนิหนึ่งที่ค่อนข้างเป็นกันมากนั่นก็คืออาการ &ldquo;ตาตก&rdquo; ในขณะที่สายพันธุ์อื่นเป็นกันน้อยกว่า</span></span><br />\r\n&nbsp;</p>\r\n\r\n<p style=\"text-align:center\"><img alt=\"\" src=\"http://www.aro4u.com/forums/uploads/post-2-1223164422.jpg\" style=\"border-style:solid; border-width:0px; height:250px; width:320px\" />&nbsp; &nbsp; &nbsp; &nbsp; &nbsp; &nbsp; &nbsp; &nbsp; &nbsp; &nbsp; &nbsp; &nbsp; &nbsp;<img alt=\"\" src=\"http://www.aro4u.com/forums/uploads/post-2-1223164432.jpg\" style=\"border-style:solid; border-width:0px; height:250px; width:320px\" /></p>\r\n\r\n<hr />\r\n<p style=\"text-align:center\"><span style=\"color:#FF0000\"><span style=\"font-size:16px\"><strong><span style=\"background-color:#FFFFE0\">- มังกรแดง (Super Red Arowana)</span></strong></span></span>&nbsp; &nbsp; &nbsp;<span style=\"background-color:#FFF0F5\">ปลามังกรแดงมีต้นกำเนิดอยู่ที่ประเทศอินโดนีเซียครับโดยแบ่งออกเป็น 2 ชนิดคือ &ldquo;</span><u><span style=\"background-color:#FFF0F5\">Blood Red</span></u><span style=\"background-color:#FFF0F5\">&rdquo; และ &ldquo;</span><u><span style=\"background-color:#FFF0F5\">Chili Red</span></u><span style=\"background-color:#FFF0F5\">&rdquo; (ผมเรียกว่า &ldquo;แดงเดือด&rdquo; กับ &ldquo;แดงพริก&rdquo;)&nbsp;</span><br />\r\n<br />\r\n<span style=\"background-color:#FFF0F5\">สีสันของ Blood Red เมื่อโตเต็มที่จะเข้มมาก&nbsp;</span><u><span style=\"background-color:#FFF0F5\">วงเกล็ดหนา&nbsp;</span></u><span style=\"background-color:#FFF0F5\">(เรียกว่า Thick Frame) การเรียงตัวของสีอาจไม่เป็นระเบียบแต่ก็แดงเข้ม แก้มแดง ปากแดง ครีบเครื่องทุกส่วนจะแดงเข้มดูน่าเกรงขาม ส่วน Chili Red จะแดงแบบแดงเลือดนกคือแดงสว่าง ต้องตา ดูสง่างาม เมื่อโตเต็มที่วงเกล็ดโดยมากจะ&nbsp;</span><u><span style=\"background-color:#FFF0F5\">ขอบเกล็ดบาง</span></u><span style=\"background-color:#FFF0F5\">&nbsp;(Thin Frame) การตัดขอบก็จะเป็นระเบียบแดงเนียนไปทั้งตัว ตั้งแต่หัวจรดปลายหาง&hellip;&nbsp;</span><br />\r\n<br />\r\n<span style=\"background-color:#FFF0F5\">ลักษณะหัวส่วนใหญ่ของ Blood Red จะต่างกับ Chili Red ตรงที่ของ Blood จะเป็นทรง Sparta (หัวออกแหลมเป็นทรงสามเหลี่ยม) แต่ของ Chili จะเป็นทรง&nbsp;</span><strong><span style=\"background-color:#FFF0F5\">Spoon Head (หัวช้อน)</span></strong><span style=\"background-color:#FFF0F5\">&nbsp;ซึ่งเป็นที่นิยมมากในหมู่นักเลี้ยงชาวจีนเพราะเชื่อกันว่าจะเป็นตัวตักตวงเงินทองให้กับเจ้าของผู้เลี้ยง ความแตกต่างอีกอย่างคือปลา Blood Red ส่วนใหญ่หางจะเป็นทรงพัดซึ่งมีลักษณะกลมและกว้าง แต่ Chili Red&nbsp;</span><u><span style=\"background-color:#FFF0F5\">หางจะเป็นทรงเพชร&nbsp;</span></u><span style=\"background-color:#FFF0F5\">(Diamond Shape) ซึ่งจะเรียวยาว ดูสง่างามกว่า</span><br />\r\n<br />\r\n<span style=\"background-color:#FFF0F5\">โดยปกติปลา Chili Red จะมีราคาสูงกว่า Blood Red ในปลาวัยเล็กเป็นการยากมากที่จะแยกว่าตัวไหนเป็น Blood และตัวไหนเป็น Chili แม้แต่ผู้ที่เชี่ยวชาญที่อยู่ในวงการมานานก็ยังไม่สามารถบ่งชี้ได้อย่างชัดเจนมั่นใจ แม้แต่ในใบเซอร์รับรองสายพันธุ์จากฟาร์มก็ยังไม่กล้าระบุชี้ชัด ยิ่งปัจจุบันไม่มีปลาสายแท้ของทั้งสองนี้แล้ว แม้แต่ในประเทศแม่แบบอย่างอินโดนีเซียเองก็ตาม ส่วนใหญ่จะเป็นชื่อปลาสายใหม่ๆ ที่เอกลักษณ์เฉพาะฟาร์มมากกว่าครับ สำหรับปลาแดงหากไม่ศึกษาให้ดีพอ มีกำลังทรัพย์แต่ไม่มีความรู้ก็อาจถูกหลอกเอาปลาแดงเกรดรองมาขายก็เป็นได้ หรือแม้แต่ได้ปลาดีมาแต่เลี้ยงไม่เป็นทำให้ปลาสีซีดไม่สวยก็เสียปลาได้เช่นกัน</span><span style=\"background-color:#FFFFE0\">&nbsp;</span><br />\r\n<br />\r\n<span style=\"background-color:#FFF0F5\">ในทองมาเลย์มีตำหนิส่วนใหญ่คือ &ldquo;ตาตก&rdquo; ปลาแดงก็มีเช่นกันนั่นก็คือ &ldquo;</span><u><span style=\"background-color:#FFF0F5\">ปากยื่น</span></u><span style=\"background-color:#FFF0F5\">&rdquo; (ปากล่างเกยปากบน) โดยจะเห็นชัดในปลาขนาดกลาง ถึงขนาดใหญ่ แต่ก็มีไม่น้อยครับที่ยื่นกันตั้งแต่เล็กๆ เลย</span></p>\r\n\r\n<p style=\"text-align:center\">&nbsp;</p>\r\n\r\n<p style=\"text-align:center\"><img alt=\"\" src=\"http://www.aro4u.com/forums/uploads/post-2-1223164441.jpg\" style=\"border-style:solid; border-width:0px; height:250px; width:320px\" />&nbsp; &nbsp; &nbsp; &nbsp; &nbsp; &nbsp; &nbsp; &nbsp; &nbsp; &nbsp; &nbsp;<img alt=\"\" src=\"http://www.aro4u.com/forums/uploads/post-2-1223164450.jpg\" style=\"height:250px; width:320px\" /></p>\r\n\r\n<hr />\r\n<p style=\"text-align:center\"><br />\r\n<strong><span style=\"background-color:#FAEBD7\"><span style=\"color:#FFA500\"><span style=\"font-size:16px\">- ทองอินโด (Red Tail Golden Arowana)</span></span></span>&nbsp;</strong><span style=\"background-color:#FFF0F5\">ทองอินโดหรือ RTG เป็นปลาระดับกลางซึ่งถ้าพูดถึงความสวยงามแล้วล่ะก็ สวยไม่แพ้ใครเลยทีเดียว ปลาที่โตแล้วเกล็ดจะเป็นสีทองเข้มแต่จะไม่แวววาว เงางาม สุกใสเหมือนทองมาเลย์ และจะขึ้นถึงเพียงเกล็ดแถวที่ 4 เท่านั้น แต่ก็อาจมีเปิดมาถึงแถวที่ 5 ไม่ว่าจะประปรายหรือเต็มแถว ดังนั้นข้อแตกต่างระหว่างปลาทองอินโดกับทองมาเลย์จึงอยู่ตรงที่ สีเกล็ด Base สี ความมันเงาแวววาว และ ข้ามหลังหรือไม่ข้ามหลัง&nbsp;</span><br />\r\n<br />\r\n<span style=\"background-color:#FFF0F5\">ในปลาเล็กทั้ง 2 สายพันธุ์นี้สำหรับมือใหม่อาจจะค่อนข้างดูออกยากและมีความเป็นไปได้สำหรับการสลับหลอกขายกัน โดยปกติสีของครีบก้น ครีบอกและชายน้ำของทองอินโดจะเป็นสีส้มอมแดง ส่วนหางจะแดงแค่ค่อนใบ ปลายหางด้านบนและครีบหลังจะออกน้ำตาลไหม้ เกล็ดแถว 5 จนถึงหลังจะมีน้ำตาลดำ เกล็ดละเอียดเล็กๆ ใต้ครับหลังจะไม่มีการเปิดสีของเกล็ด.. ทองอินโดเป็นมังกรสายพันธุ์ใหญ่ที่สุดในสายเอเซี่ยนโดยโตเต็มที่จะมีขนาดประมาณ 30&rdquo; (แต่โดยเฉลี่ยแล้วหากเลี้ยงในตู้จะโตได้ราวๆ 24&rdquo;)</span></p>\r\n\r\n<p>&nbsp;</p>\r\n\r\n<p style=\"text-align:center\"><img alt=\"\" src=\"http://www.aro4u.com/forums/uploads/post-2-1223164459.jpg\" style=\"border-style:solid; border-width:0px; height:250px; width:320px\" />&nbsp; &nbsp; &nbsp; &nbsp; &nbsp; &nbsp; &nbsp; &nbsp; &nbsp; &nbsp; &nbsp; &nbsp; &nbsp;<img alt=\"\" src=\"http://www.aro4u.com/forums/uploads/post-2-1223164468.jpg\" style=\"border-style:solid; border-width:0px; height:250px; width:320px\" /></p>\r\n\r\n<p style=\"text-align:center\">&nbsp;</p>\r\n\r\n<p style=\"text-align:center\"><img alt=\"\" src=\"http://www.aro4u.com/forums/uploads/post-2-1223164487.jpg\" style=\"height:400px; width:650px\" /></p>\r\n\r\n<p style=\"text-align:center\"><strong><span style=\"color:#FF8C00\"><span style=\"font-size:18px\">ในภาพ: ปลามังกรทองอินโดขนาดเต็มไว</span></span></strong></p>\r\n\r\n<hr />\r\n<p><span style=\"color:#00FF00\"><span style=\"font-size:16px\"><strong><span style=\"background-color:#FAEBD7\">- อโรวาน่าเขียว (Green Arowana)</span></strong></span></span><span style=\"font-size:14px\">&nbsp;<span style=\"background-color:#FFF0F5\">หรือ &ldquo;ปลาตะพัด&rdquo; ของไทยเรานี่เอง จริงๆ อโรวาน่าเขียวมีอยู่หลายที่ทั้งในประเทศไทย มาเลย์เซีย พม่า เวียดนาม ลาวและกัมพูชา (ประเทศเพื่อนบ้านทั้งนั้นเลยนะครับ) ปลาพันธุ์นี้โตขึ้นจะเป็นสีเขียวนวลและมีประกายทองทั้งตัว ใบหางจะเป็นสีเขียวเข้มแต่ไม่เต็มใบเพราะที่บริเวณปลายหางเป็นรอยขลิบขาวซึ่งถือเป็นเอกลักษณ์ของสายพันธุ์นี้</span><br />\r\n<br />\r\n<span style=\"background-color:#FFF0F5\">ราคาในท้องตลาดสำหรับปลาเล็กก็ไม่แพงเพราะฉะนั้นจึงเหมาะสำหรับผู้ที่กำลังเริ่มต้นทดลองเลี้ยง ปลามังกรเขียวมี 2 แบบคือ &ldquo;เขียวมีเซอร์&rdquo; กับ &ldquo;</span><u><span style=\"background-color:#FFF0F5\">เขียวไม่มีเซอร์</span></u><span style=\"background-color:#FFF0F5\">&rdquo; ใบเซอร์ก็มาจากประเทศที่มีการเพาะพันธุ์ได้จริงๆ อย่างเช่นประเทศมาเลเซีย หรืออาจจะมาตัวแทนบริษัทเทรดดิ้งต่างๆ ที่ทำขึ้นมาเพื่อแสดงเครื่องหมายการค้าของตัวเองในขณะที่เขียวไม่มีเซอร์คนขายมักจะพูดว่าเป็นปลาป่าหรือปลาจับนั่นเอง จริงๆ แล้วถ้าดูปลาเป็นหรือพอมีประสบการณ์ก็ไม่จำเป็นที่จะต้องคำนึงถึงใบเซอร์ก็ได้เพราะคุณภาพก็ไม่ได้แตกต่างกันมากมาย แต่ราคาที่สนนกันตอนต้นเขียวมีเซอร์มีราคาสูงกว่าตัวที่ไม่มีเกือบเท่าตัวเลยล่ะครับ</span></span><br />\r\n<br />\r\n<span style=\"background-color:#FFF0F5\">เพื่อนผู้อ่านหลายท่านอาจมีการสับสันระหว่าง&nbsp;</span><strong><span style=\"background-color:#FFF0F5\">&ldquo;มังกรเขียว&rdquo; กับ &ldquo;ทองอ่อน&rdquo;&nbsp;</span></strong><span style=\"background-color:#FFF0F5\">ว่าเหมือนกันหรือไม่ ในปลาวัยเล็กทั้ง 2 อย่างนี้ดูออกค่อนข้างยากเช่นกัน สำหรับผมๆ มองว่า &ldquo;มังกรเขียว&rdquo; ในวัยเล็กจะมีความเงางาม ขาวและสว่าง ในขณะที่ &ldquo;ทองอ่อน&rdquo; ไม่เงาแต่จะขาวหรือไม่ก็เป็นสีเหลืองอ่อนๆ ทั้งตัว แต่จริงๆ แล้วเคยมีผู้รู้กระซิบบอกผมว่าทั้ง 2 อย่างนี่จริงๆ มันก็พันธุ์เดียวกันเพียงแต่เขียวมากเขียวน้อย ถ้าออกเข้มๆ หน่อยก็มังกรเขียว ถ้าออกทองเงาๆ หน่อยก็ทองอ่อน แต่ราคาต่างกันประมาณ 1 เท่าครับ อย่างที่บอกไปนะครับมังกรเขียวสวยๆ หรือ &ldquo;เขียวแท้&rdquo; ที่เพาะกันในฟาร์มโดยปกติจะมีใบเซอร์รับรองสายพันธุ์ให้กับผู้ซื้อและจะขายขึ้นตู้ ส่วนถ้าเป็นทองอ่อนหรือเขียวไม่มีเซอร์ก็จะเป็นปลาถุงขายธรรมดา</span></p>\r\n\r\n<p>&nbsp;</p>\r\n\r\n<p style=\"text-align:center\"><img alt=\"\" src=\"http://www.aro4u.com/forums/uploads/post-2-1223164505.jpg\" style=\"border-style:solid; border-width:0px; height:250px; width:320px\" />&nbsp; &nbsp; &nbsp; &nbsp; &nbsp; &nbsp; &nbsp; &nbsp; &nbsp; &nbsp; &nbsp; &nbsp;&nbsp;<img alt=\"\" src=\"http://www.aro4u.com/forums/uploads/post-2-1223164520.jpg\" style=\"height:250px; width:320px\" /></p>\r\n\r\n<hr />\r\n<p style=\"text-align:center\"><span style=\"font-size:22px\"><strong><span style=\"background-color:#E6E6FA\">2. Australian Arowana</span></strong> <span style=\"background-color:#E6E6FA\">เป็นปลามังกรที่มีต้นกำเนินในทวีปออสเตรเลีย แบ่งได้ออกเป็น 2 สายพันธุ์คือ</span></span></p>\r\n\r\n<p><br />\r\n<strong><span style=\"font-size:16px\"><span style=\"color:#DDA0DD\"><span style=\"background-color:#FFFFE0\">- Australian Pearl Arowana</span></span></span><span style=\"font-size:14px\">&nbsp;</span></strong><span style=\"font-size:14px\"><span style=\"background-color:#FFF0F5\">ตอนที่ผมเขียนบทความนี้ครั้งแรก ตอนนั้นยังไม่เคยเห็นตัวจริงเลย แต่ตอนนี้ได้เห็นตัวจริงแล้ว แต่ไม่ได้มีโอกาสถ่ายรูปมาให้ ต้องขออภัยด้วยนะครับ สำหรับปลาตัวนี้เป็นปลาที่ค่อนข้างหายาก และมีราคาสูงกว่า ออสเตรเลียจุด ค่อนข้างมาก</span></span><br />\r\n<br />\r\n<span style=\"font-size:16px\"><strong><span style=\"background-color:#DDA0DD\">- ออสเตรเลียจุด (Australian Spot Arowana)</span></strong></span><span style=\"font-size:14px\"><strong><span style=\"background-color:#FFFFE0\">&nbsp;</span></strong><span style=\"background-color:#FFF0F5\">ส่วนเจ้านี่เราเจอกันบ่อยจนแทบซี้กันเลยทีเดียว ปลามังกรออสเตรเลียจุด (ขอเรียกว่า &ldquo;ออสเตรเลีย&rdquo; เฉยๆ นะครับ) ลักษณะโดยทั่วไปของสายพันธุ์นี้ก็คือหัวจะเป็นทรงปลาทู ทู่สั้น ตัวจะออกยาว ไม่หนา หนวดสั้นมากและงองุ้ม หาง ครีบและเกล็ดจะเล็กกว่าของสาย Asian (ปลา Asian Arowana แถวเกล็ดจะมี 6 แถวแต่สำหรับของออสเตรเลียจะมี 8 แถว) มีจุดสีส้มๆ ขึ้นตามลำตัว หางและครีบ เรียกว่า&nbsp;</span><strong><span style=\"background-color:#FFF0F5\">&ldquo;Orange Spot&rdquo;</span></strong><span style=\"background-color:#FFF0F5\">&nbsp;จะเด่นชัดมากเมื่อปลาโตขึ้น</span><br />\r\n<br />\r\n<span style=\"background-color:#FFF0F5\">จุดด้อยของปลาสายพันธุ์นี้คือ &ldquo;เกล็ด&rdquo; จะเล็กและ &ldquo;หนวด&rdquo; ก็ยังงุ้มเข้าหาปากไม่ยื่นออกเรียวยาวเหมือนกับสายพันธุ์อื่นจึงดูไม่สง่างาม ปลาออสเตรเลียในขนาด 6&rdquo;-12&rdquo; สีตัวจะเป็นสีทองอร่ามสวยมาก แต่หลังจากนั้นจะเริ่มจางลงและเมื่อปลาใหญ่เต็มที่แล้วความเงางามจะหายไป มังกรออสเตรเลียก็เป็นอีกสายพันธุ์นะครับที่เหมาะสำหรับการเริ่มต้นเลี้ยงปลามังกร</span></span></p>\r\n\r\n<p>&nbsp;</p>\r\n\r\n<p style=\"text-align:center\"><img alt=\"\" src=\"http://www.aro4u.com/forums/uploads/post-2-1223164534.jpg\" style=\"border-style:solid; border-width:0px; height:250px; width:330px\" />&nbsp; &nbsp; &nbsp; &nbsp; &nbsp; &nbsp; &nbsp; &nbsp; &nbsp; &nbsp;&nbsp;<img alt=\"\" src=\"http://www.aro4u.com/forums/uploads/post-2-1223164546.jpg\" style=\"border-style:solid; border-width:0px; height:250px; width:330px\" /></p>\r\n\r\n<hr />\r\n<p style=\"text-align:center\"><span style=\"font-size:22px\"><strong><span style=\"background-color:#F0F8FF\">3. African Arowana</span></strong> <span style=\"background-color:#F0F8FF\">มีเพียงสายพันธุ์เดียวคือ</span></span></p>\r\n\r\n<p><span style=\"color:#8B4513\"><strong><span style=\"font-size:16px\"><span style=\"background-color:#FFFFE0\">- อโรวาน่าอัฟริกา</span></span><span style=\"background-color:#FFFFE0\">&nbsp;</span></strong></span><span style=\"background-color:#FFF0F5\">ในประเทศไทยมีขายปลามังกรสายพันธุ์นี้น้อยมากเพราะฉะนั้นจึงไม่เป็นที่นิยมเลี้ยง เหตุผลนั่นไม่ได้เพราะหายากนะครับแต่เพราะปลาพันธุ์นี้มีความสวยงามที่ไม่ค่อยโดดเด่นนัก สีสันไม่เด่นชัด พื้นเกล็ดเป็นสีเทา หัวทู่ ไม่มีหนวด เกล็ดเล็ก ครีบทุกครีบสั้นหมดดูไม่สง่างาม (ปัจจุบันหาซื้อได้ที่ร้านขายปลาแปลกทั่วๆ ไป สนนราคาไม่แพงนัก สามารถซื้อหามาเลี้ยงได้โดยไม่ลำบากครับ)</span><br />\r\n&nbsp;</p>\r\n\r\n<p style=\"text-align:center\">&nbsp; &nbsp; &nbsp; &nbsp; &nbsp; &nbsp; &nbsp; &nbsp; &nbsp;&nbsp;<img alt=\"รูปภาพที่เกี่ยวข้อง\" src=\"https://encrypted-tbn0.gstatic.com/images?q=tbn:ANd9GcSWyaZgIwoy9Paxn4x2PAo-cQha107F5To1dwIbRRZ0WkSZOF_I\" style=\"border-style:solid; border-width:5px; height:300px; width:600px\" /></p>\r\n\r\n<p style=\"text-align:center\"><strong><span style=\"font-size:18px\"><span style=\"color:#FFA500\">ในภาพ : ปลาอโรวาน่าเเอฟฟริกาขนาดโตเต็มไว</span></span></strong></p>\r\n\r\n<hr />\r\n<p style=\"text-align:center\"><span style=\"font-size:22px\"><strong><span style=\"background-color:#F0FFFF\">4.</span> <span style=\"background-color:#F0FFFF\">South</span> <span style=\"background-color:#F0FFFF\">America</span> <span style=\"background-color:#F0FFFF\">Arowana</span></strong></span></p>\r\n\r\n<p style=\"text-align:center\"><br />\r\n<span style=\"color:#696969\"><span style=\"font-size:16px\"><strong><span style=\"background-color:#FAEBD7\">- อโรวาน่าเงิน</span> <span style=\"background-color:#FAEBD7\">(Silver Arowana)</span></strong></span></span> <span style=\"background-color:#FFF0F5\">ปลามังกรเงินมีถิ่นกำเนิดบริเวณเขตลุ่มน้ำอเมซอนในอเมริกาใต้ ปลาในวัยเล็กจะเป็นสีเงินอมชมพู ครีบหางและครีบก้นปลายขอบมีสีชมพู หนวดยาวสวยเด่น ชายน้ำหรือที่เรียกกันว่า &ldquo;ครีบก้น&rdquo; ยาวมาก เมื่อปลาโตขึ้นจนได้ขนาด สีเกล็ดจะเป็นสีเงินเงางามแต่ขอบครีบที่เป็นสีชมพูดจะจางหายไป</span><br />\r\n&nbsp;&nbsp; &nbsp; &nbsp; &nbsp;<span style=\"background-color:#FFF0F5\">มังกรเงินมีความยาวสูงสุดในหมู่ปลามังกรสวยงามที่นิยมเลี้ยงทั่วไป (ไม่รวมอะราไพม่า) เพราะเมื่อโตเต็มที่จะยาวได้ถึง 1 เมตร 20 เซนเลยทีเดียว แม้ตัวจะใหญ่ได้ถึงขนาดนี้แต่เจ้านี่ก็อ่อนแอมากเลี้ยงกับใครก็มักจะเป็นผู้ถูกทำร้ายไปซะหมด (สู้เขาไม่ค่อยได้) ในมังกรเงินขนาดใหญ่ผู้เลี้ยงมักจะเจอปัญหาเรื่อง &ldquo;ตาตก&rdquo; รุนแรงและปากงุ้มน่าเกลียด ซึ่งส่วนหนึ่งก็คงเพราะลีลาในการกินอันรุนแรงตามนิสัยของมัน แต่ด้วยส่วนกรามที่บอบบางไม่ค่อยแข็งแรงนักแล้วกลับกินอาหารอย่างดุเดือดจึงมีโอกาสให้กรามหักและปากงุ้มเสียรูปได้ ยังไงก็ตามสำหรับปลามังกรสายพันธุ์ที่คนนิยมเลี้ยงดูเล่น เจ้านี่ก็ยังคงครองความเป็นหนึ่งจนถึงทุกวันนี้ครับด้วยราคาที่ถูกมาก (ถูกที่สุดในตระกูลปลามังกรทั้งหมด) เลี้ยงง่าย โตเร็ว และเชื่องน่ารัก แล้วใครล่ะที่จะปฏิเสธลง</span></p>\r\n\r\n<p style=\"text-align:center\">&nbsp;</p>\r\n\r\n<p style=\"text-align:center\"><img alt=\"\" src=\"http://www.aro4u.com/forums/uploads/post-2-1223164554.jpg\" style=\"border-style:solid; border-width:5px; height:320px; width:650px\" /></p>\r\n\r\n<p style=\"text-align:center\">&nbsp;</p>\r\n\r\n<hr />\r\n<p style=\"text-align:center\">&nbsp;</p>\r\n\r\n<p style=\"text-align:center\"><span style=\"font-size:16px\"><strong><span style=\"background-color:#FFFFE0\">- อโรวาน่าดำ</span> <span style=\"background-color:#FFFFE0\">(Black Arowana)</span></strong> </span><span style=\"font-size:14px\"><span style=\"background-color:#FFF0F5\">ในวัยเล็กมีลักษณะคล้ายมังกรเงินแต่ว่าเป็นสีดำ ปลามังกรดำเลี้ยงยากกว่ามังกรเงินมาก ตายง่าย กินยาก อ่อนแอไม่ค่อยแข็งแรง แม้ปลาวัยเล็กตัวจะเป็นสีดำแต่พอโตขึ้นสีจะค่อยๆ ถอดออกเป็นคล้ำดูคล้ายกับมังกรเงิน ปลามังกรดำโตเต็มที่ความยาวประมาณ 20&rdquo; และกว้างไม่เกิน 5&rdquo; ซึ่งถือว่าเล็กมากหากเทียบกับพันธุ์อื่นๆ มังกรดำก็เป็นอีกสายพันธุ์นึงที่เหมาะสำหรับผู้เริ่มเลี้ยงเพราะราคาไม่แพงแต่ว่าอาจจะหาซื้อยากหน่อยเพราะมีขายกันเป็นฤดูเท่านั้น</span><span style=\"background-color:#FFFFE0\"><span style=\"background-color:#FFF0F5\">​</span></span></span><br />\r\n<br />\r\n<br />\r\n<img alt=\"\" src=\"http://www.aro4u.com/forums/uploads/post-2-1223164568.jpg\" style=\"border-style:solid; border-width:5px; height:300px; width:650px\" /></p>\r\n\r\n<p style=\"text-align:center\">&nbsp;</p>\r\n\r\n<hr />\r\n<p><br />\r\n<span style=\"color:#FF8C00\"><span style=\"font-size:16px\"><strong><span style=\"background-color:#FFF0F5\">- อะราไพม่า</span> <span style=\"background-color:#FFF0F5\">(Arapima Gigas)</span></strong> <span style=\"background-color:#FFF0F5\">หรือที่เรียกว่า</span> <span style=\"background-color:#FFF0F5\">&ldquo;ปลาช่อนอเมซอน&rdquo;</span></span></span><span style=\"font-size:14px\"> <span style=\"background-color:#FFF0F5\">ลักษณะของปลาชนิดนี้คือเล็กๆ ตัวจะเป็นสีเขียวและหางสีดำ แต่พอโตขึ้นตัวจะมีสีเขียวเข้มเป็นมรกตแต่ไม่เงางามและส่วนหางจะมีปื้นแดงส้มเป็นลายคาดเรียกว่า &ldquo;กุหลาบไฟ&rdquo; อะราไพม่าเป็นปลาเกล็ดเล็กที่สุดในตระกูลปลามังกร แถมยังไม่มีหนวดดูแล้วเป็นปลาอโรวาน่าที่หน้าตาไม่เหมือนเพื่อนพ้องเอาเสียเลย ตัวก็ใหญ่โตมโหฬารโดยโตเต็มที่ได้ถึง 3 เมตร</span>&nbsp;<br />\r\n&nbsp; &nbsp; &nbsp;<span style=\"background-color:#FFF0F5\">ปลาอะราไพม่าโดยปกติจะเลี้ยงลงบ่อ น้อยคนนักจะเลี้ยงในตู้เนื่องจากว่าเป็นปลาที่โตเร็วมาก ในระยะเวลา 1 ปี ปลามังกรทั่วไปขนาด 6 นิ้วจะโตได้ราว 12-15 นิ้ว ในขณะที่อะราไพม่าจะโตได้ถึง 30-45 นิ้ว และเป็นปลาที่แข็งแรงมากจึงยากต่อการเคลื่อนที่ย้ายเข้าย้ายออกบ่อยๆ นอกจากนี้การว่ายน้ำของอะราไพม่ายังว่ายอย่างช้าๆ และไม่เป็นทิศเป็นไม่ทางเหมือนปลามังกรทั่วไปที่ว่ายกลับไปกลับมาเป็น &ldquo;หยินหยาง&rdquo; มีทิศมีทางดูสง่างามกว่า แต่สำหรับคนที่มีสถานที่และชอบความยิ่งใหญ่ อะราไพมายังเป็นปลายักษ์ในอันดับต้นๆ ที่คนเหล่านั้นนิยมซื้อหามาเลี้ยง</span></span></p>\r\n\r\n<p>&nbsp;</p>\r\n\r\n<p style=\"text-align:center\"><img alt=\"รูปภาพที่เกี่ยวข้อง\" src=\"http://o9.dq1.me/img/user-14-2016-06-15-15-37-42.jpeg?d=ontopof.com\" style=\"border-style:solid; border-width:5px; height:300px; width:650px\" /></p>\r\n\r\n<p style=\"text-align:center\">&nbsp;</p>\r\n\r\n<hr />\r\n<p style=\"text-align:center\"><span style=\"font-size:18px\"><span style=\"color:#FF0000\"><strong><span style=\"background-color:#F0FFF0\">นอกจากนี้ยังมีสายพันธุ์ที่เกิดขึ้นมาใหม่ แต่ยังไม่ได้ถูกยอมรับตามมาตรฐานซึ่งก็มีดังนี้</span></strong></span></span></p>\r\n\r\n<p><span style=\"font-size:18px\"><span style=\"color:#FFD700\"><strong><span style=\"background-color:#FFFFE0\">- Golden Red Arowana</span></strong></span></span>&nbsp;<span style=\"background-color:#FFF0F5\">ถือเป็นปลาแดงเกรดรองซึ่งลักษณะเกล็ดจะเป็นสีทองอมแดง ส่วนหางและครีบทั้งหมดเป็นสีแดงสดโอกาสจะที่จะพัฒนามาเป็นแดงเต็มตัวมีน้อยมาก ปลา Super Red ทั่วๆ ไปตามท้องตลาดที่เกรดราคา 20,000 กลางๆ ส่วนใหญ่โตขึ้นมาแล้วมักจะเป็น Golden red หรือไม่ก็ Orange Red&nbsp;</span><br />\r\n<br />\r\n<span style=\"background-color:#00FF00\">***</span> &nbsp; &nbsp;<span style=\"background-color:#FFF0F5\">(ในบางเมืองที่ประเทศอินโดนีเซีย หากกล่าวถึง Golden Red แล้ว ก็จะหมายถึง Red Tail Golden หรือ ทองอินโด ครับ)</span></p>\r\n\r\n<p style=\"text-align:center\">&nbsp;</p>\r\n\r\n<p style=\"text-align:center\"><img alt=\"\" src=\"http://www.aro4u.com/forums/uploads/post-2-1223164604.jpg\" style=\"border-style:solid; border-width:0px; height:300px; width:600px\" /></p>\r\n\r\n<p style=\"text-align:center\">&nbsp;</p>\r\n\r\n<hr />\r\n<p style=\"text-align:center\">&nbsp;</p>\r\n\r\n<p><span style=\"font-size:16px\"><span style=\"color:#A52A2A\"><strong><span style=\"background-color:#FFFFE0\">- Hiback</span> <span style=\"background-color:#FFFFE0\">Arowana</span></strong></span></span><span style=\"font-size:14px\"><span style=\"color:#000000\">&nbsp;<span style=\"background-color:#FFF0F5\">เป็นลูกผสมระหว่างทองมาเลย์กับทองอินโด เพื่ออัพเกรดสายพันธุ์ทองอินโดให้สูงขึ้น ลักษณะปลา Hiback คือเกล็ดปลาจะเปิดสูงขึ้น จากเดิม &ldquo;ทองอินโด&rdquo; ที่ได้แค่เพียงแถวที่ 4 อาจขึ้นมาถึงแถวที่ 5 แต่อย่างไรก็ตามสีเกล็ดจะไม่ข้ามหลัง นอกจากจะแตกต่างกันที่เรื่องเปิดสูงไม่สูงแล้ว Base สีก็ยังเป็นจุดสำคัญที่ใช้มองความความแตกต่างระหว่าง Hiback กับทองอินโด เพราะโดยปกติแล้ว Hiback ที่เป็นลูกผสมทองมาเลย์กับทองอินโดจริงจะมีสีเข้มกว่า สีครีบจะเป็นโทนเข้ม ไม่ว่าจะเป็นสีเลือดหมูหรือสีแดง ปัจจุบันมีตลาดให้การต้อนรับสายพันธุ์ Hiback มากเพราะว่าราคาสูงกว่าทองอินโดไม่มากแต่เมื่อโตมาแล้วดูสวยงามกว่า (ปลาอโรวาน่าทองมาเลย์ที่ไม่สวยหรือทองอินโดที่สวยๆ อาจถูกพ่อค้าหัวใสใจกล้าเอามาขายเป็น Hiback ได้</span><span style=\"background-color:#FFFFE0\">)</span><br />\r\n<br />\r\n<span style=\"background-color:#00FF00\">***</span> <span style=\"background-color:#FFF0F5\">ปัจจุบัน Hiback Arowana เป็นที่นิยมค่อนข้างมาก และมีการแตกย่อยในอีกหลายชื่อ ตัวอย่างเช่น Hiback Golden, Mahoto Golden, Super Hiback, Premium Grade Red Tail Gold และอื่นๆ อีกมากมาย สนใจจะเป็นเจ้าของซักตัวขอให้ขยันอ่าน และหาเวลาเดินดูปลาให้มากๆ ก่อนนะครับ ของมีมาก ทางเลือกก็มาก ทางลวงก็มีมากด้วยเช่นกัน ถ้าไม่ต้องการจ่ายแพงกว่าก็ต้องศึกษาให้มากๆ ครับ ทิ้งท้ายไว้นิดหนึ่ง&nbsp;</span><u><span style=\"background-color:#FFF0F5\">ในต่างประเทศ Hiback Arowana ถูกจัดให้อยู่ในระดับชั้นของ Red Tail Golden - RTG Class คือ ทองอินโด</span></u><span style=\"background-color:#FFF0F5\">&nbsp;(ไม่อยู่ในทองมาเลย์เซีย)</span><span style=\"background-color:#FFFFE0\">&nbsp;</span></span></span></p>\r\n\r\n<p style=\"text-align:center\"><img alt=\"\" src=\"http://www.aro4u.com/forums/uploads/post-2-1223164655.jpg\" style=\"border-style:solid; border-width:5px; height:300px; width:600px\" /></p>\r\n\r\n<p style=\"text-align:center\">&nbsp;</p>\r\n\r\n<hr />\r\n<p style=\"text-align:center\">&nbsp;</p>\r\n\r\n<p><span style=\"color:#008000\"><span style=\"font-size:16px\"><strong><span style=\"background-color:#FFFFE0\">- Indo</span> <span style=\"background-color:#FFFFE0\">Green</span></strong></span></span><span style=\"font-size:14px\">&nbsp;<span style=\"background-color:#FFF0F5\">เป็นอีกหนึ่งลูกผสมที่มาจากสายพันธุ์ทองอินโดแต่มีคุณภาพต่ำกว่า นั่นก็คือลูกผสมระหว่างสายพันธุ์ ทองอินโด และ มังกรเขียว ซึ่งในวัยเล็กจะมีจุดเด่นเรื่องการเปิดของเกล็ด (ต่างจาก Hiback สายแท้ที่เป็นลูกผสมทองอินโด กับ ทองมาเลย์) คือจะเปิดสูงมากๆ เปิดระเบิดเถิดเทิงแบบที่เห็นแถวที่ 5 เรียงเป็นแถบตั้งแต่เล็ก แต่หากสังเกตดีๆ วงเกล็ดข้างในจะติดเนื้อเขียวเข้ามาด้วย แม้ความโดดเด่นจะอยู่ที่การเปิด แต่เรื่องสีสันก็ถือเป็นจุดด้อยที่ต้องทำให้ผู้เลี้ยงต้องย้ำคิดพิจารณาหากจะคิดหามาครอบครอง นั่นก็คือ เปิดสูงอย่างเดียวแต่สีสันไม่ค่อยชัดเจน</span></span></p>\r\n\r\n<p style=\"text-align:center\"><img alt=\"\" src=\"http://www.aro4u.com/forums/uploads/post-2-1223164670.jpg\" style=\"border-style:solid; border-width:5px; height:320px; width:650px\" /></p>\r\n\r\n<p style=\"text-align:center\">&nbsp;</p>\r\n\r\n<hr />\r\n<p>&nbsp;</p>\r\n\r\n<p><span style=\"color:#B22222\"><span style=\"font-size:16px\"><strong><span style=\"background-color:#FFFFE0\">- Tong</span> <span style=\"background-color:#FFFFE0\">Yan</span> <span style=\"background-color:#FFFFE0\">(ถงเยิ่น)</span></strong></span></span><span style=\"font-size:14px\"> <span style=\"background-color:#FFF0F5\">เป็นลูกผสมระดับชั้นสูงสุดที่ถูกยอมรับในเรื่องคุณภาพของสายพันธุ์จากผู้เลี้ยงในปัจจุบัน เพราะเป็นลูกผสมระหว่าง Super Red และ ทองมาเลย์ (ใบรับรองสายพันธุ์ส่วนใหญ่ถ้าไม่มีชื่อใหม่เป็นพิเศษจะระบุว่า Xback X Super Red) ลักษณะของสีสันที่ได้มาบ่งชี้ชัดว่าเป็นลูกครึ่งขอ</span></span><a href=\"javascript:void(\'%E0%B8%95%E0%B8%B1%E0%B8%94\')\" id=\"cke_50\" onclick=\"CKEDITOR.tools.callFunction(164,0); return false;\" tabindex=\"-1\" title=\"ตัด\">ตัด</a><span style=\"font-size:14px\"><span style=\"background-color:#FFF0F5\">งทั้งสองสายพันธุ์คือออกเป็น &ldquo;สีทองแดง&rdquo; บางตัวได้ความโดดเด่นจากแดงมากหน่อย ก็จะเป็นสีสนิมเข้ม แก้มสีแดง ตาสีแดง บางตัวได้คุณสมบัติจากทองมาเลย์ ก็จะมีการตัดขอบเกล็ดด้วยสีสันหลายมิติ ดูสวยงาม อีกทั้งมีการเปิดของเกล็ดละเอียด และข้ามหลังด้วยเช่นกัน</span><span style=\"background-color:#FFFFE0\">&nbsp;</span><br />\r\n<br />\r\n<span style=\"background-color:#00FF00\">***</span> <span style=\"background-color:#FFF0F5\">Tongyan ในเมืองไทยชื่ออาจจะยังไม่เป็นที่รู้จัก ไม่เคยได้ยิน แต่หากบอกว่าเป็น Red Splendor จะคุ้นหูกันมากกว่า และ&nbsp;</span><u><span style=\"background-color:#FFF0F5\">ในต่างประเทศปลาสายพันธุ์นี้ถูกจัดให้อยู่ในระดับชั้นของ Malaysian Golden Cross Back คือ ทองมาเลเซีย</span></u><span style=\"background-color:#FFF0F5\">&nbsp;(ไม่อยู่ในปลาแดง) และมีชื่อพิเศษที่เป็นที่ทราบกันว่า Tong Yan Cross Back&nbsp;</span></span></p>\r\n\r\n<p style=\"text-align:center\">&nbsp;</p>\r\n\r\n<p style=\"text-align:center\"><img alt=\"\" src=\"http://www.aro4u.com/forums/uploads/post-2-1223164694.jpg\" style=\"border-style:solid; border-width:5px; height:355px; width:600px\" /></p>\r\n\r\n<p style=\"text-align:center\"><span style=\"font-size:16px\"><strong>ในภาพ : เป็นปลาลูกผลผสมระหว่างซุปเปอร์ เรด กับ ทองมาเลย์&nbsp;</strong></span></p>\r\n\r\n<p style=\"text-align:center\">&nbsp;</p>\r\n\r\n<hr />\r\n<p>&nbsp;</p>\r\n\r\n<p><span style=\"color:#cccc66\"><span style=\"font-size:16px\"><strong><span style=\"background-color:#FFFFE0\">- ปลามังกรทองอ่อน</span></strong></span></span><span style=\"font-size:14px\">&nbsp;<span style=\"background-color:#FFF0F5\">ได้รับรู้ข้อมูลของเจ้ามังกรเขียวไปแล้วคราวนี้มาดูตัวที่เป็นฝาแฝดกันมั่งครับ สำหรับเจ้าทองอ่อนตัวจะเป็นสีทองอ่อนๆ โตขึ้นบริเวณริมหาง ครีบหลังและครีบก้นจะด่างเป็นสีขาว พวกทองอ่อน มังกรเขียว มังกรเงิน มังกรดำ ถือเป็นปลา Base สีเดียวนะครับคือเหมือนๆ กันทั้งตัวต่างกับสายพันธุ์อื่นที่มีสันสันมากกว่า ผู้เลี้ยงปลาชนิดนี้ครั้งแรกนิยมเลี้ยงปลาพันธุ์นี้ก่อนที่จะเลี้ยงปลาแพงอย่างทองมาเลย์ แดง และทองอินโด เพราะราคาไม่แพงมาก</span></span></p>\r\n\r\n<p>&nbsp;</p>\r\n\r\n<p style=\"text-align:center\"><img alt=\"\" src=\"http://www.aro4u.com/forums/uploads/post-2-1223164703.jpg\" style=\"border-style:solid; border-width:5px; height:350px; width:600px\" /></p>\r\n\r\n<p style=\"text-align:center\">&nbsp;</p>\r\n\r\n<hr />\r\n<p>&nbsp;</p>\r\n\r\n<p><span style=\"font-size:16px\"><strong><span style=\"background-color:#FFFFE0\"><span style=\"color:#cc9999\">- Yellow</span></span><span style=\"color:#cc9999\"> </span><span style=\"background-color:#FFFFE0\"><span style=\"color:#cc9999\">Tail</span></span></strong></span><span style=\"font-size:14px\"><strong>&nbsp;</strong><span style=\"background-color:#FFF0F5\">เท่าที่ผมทราบและเป็นข้อมูลทางการตามมาตราฐานสากลจากจากเวบไซท์ต่างประเทศ ปลามังกร Yellow Tail เป็นหนึ่งใน 3 สายพันธุ์ในระดับชั้น Red B ซึ่งแบ่งออกเป็น (Yellow Tail (ทองหางเหลือง) / Red 1.5 (ทองหางส้ม) และ Banjar Red (ทองหางแดง) แต่อยู่ในระดับราคาที่ต่ำสุด และโดยรวมมีลักษณะคล้ายคลึงมังกรเขียวมากที่สุด แต่ในความเป็นจริง ระดับชั้นของ Banjar Red ทั้งหมดนั้น หน้าตาจะคล้ายคลึงกับมังกรเขียว และทองอ่อนมาก โดยเฉพาะสีเกล็ด และสีของลำตัว จะต่างกันก็ตรงที่สีหาง (ที่ถ้าเป็น ทองอ่อน หรือ เขียว จะเป็นสีขาว และเทา แต่ถ้าเป็น Red B จะเป็น เหลือง ส้ม แดง ตามที่กล่าวมา) แต่สุดท้ายปลายทาง ในระดับชั้นที่ใกล้เคียงกันนี้ที่ &quot;ขอบหาง&quot; ของทุกตัวจะมีสีขาวให้เห็นครับ</span></span></p>\r\n\r\n<p><span style=\"color:#990033\"><span style=\"font-size:16px\"><strong><span style=\"background-color:#FFFFE0\">- Super</span> <span style=\"background-color:#FFFFE0\">Red</span> <span style=\"background-color:#FFFFE0\">Grade</span> <span style=\"background-color:#FFFFE0\">B</span> <span style=\"background-color:#FFFFE0\">(Banja</span> <span style=\"background-color:#FFFFE0\">Red)</span></strong></span></span><span style=\"font-size:14px\"><strong><span style=\"background-color:#FFFFE0\">&nbsp;</span></strong><span style=\"background-color:#FFF0F5\">ในปลาวัยเล็กจะดูคล้ายคลึงกับปลาแดงมาก แต่หากสังเกตดีๆ สีหางและครีบของ Red B จะเป็นสีส้มในขณะที่ปลาแดงเกรด A จะเป็นสีแดงสดและเต็มใบ เหลือบสีก็เช่นกัน (สีของเกล็ดเวลาที่กระทบกับแสง) ของ Red B จะออกเป็นสีม่วงอ่อนๆ เงา หรืออาจจะไม่มีดูแล้วแค่ขาวๆ เงาๆ เท่านั้น แต่ถ้าเป็น Red A เหลือบสีจะเห็นเป็นสีม่วงชัดเจน Red B เมื่อโตเต็มที่แล้วจะมีลักษณะสีสันจะคล้ายทองอ่อน แต่หางและครีบจะออกเป็นสีส้มเข้ม</span><br />\r\n<br />\r\n<span style=\"color:#990099\"><strong>***</strong>&nbsp;<span style=\"background-color:#FFF0F5\">เพื่อเป็นการเพิ่มช่องการการตลาดให้ขายจำหน่ายปลาได้ง่ายขึ้น ปัจจุบันฟาร์มปลาและร้านค้าได้เปลี่ยนชื่อในใบรับรองสายพันธุ์ของปลา Banjar Red เป็น Red Arowana หรือ &ldquo;</span><u><span style=\"background-color:#FFF0F5\">มังกรแดง</span></u><span style=\"background-color:#FFF0F5\">&rdquo; ดังนั้น ขอให้เพื่อนผู้อ่านทุกท่านโปรดเข้าใจว่า&nbsp;</span><u><span style=\"background-color:#FFF0F5\">Red Arowana คือ Red B</span></u><span style=\"background-color:#FFF0F5\">&nbsp;นะครับ เพราะมีหลายท่านเข้าผิดคิดว่าเป็น Super Red Grade A</span></span></span></p>\r\n\r\n<p>&nbsp;</p>\r\n\r\n<p style=\"text-align:center\"><img alt=\"\" src=\"http://www.aro4u.com/forums/uploads/post-2-1223216003.jpg\" style=\"border-style:solid; border-width:5px; height:350px; width:600px\" /></p>\r\n\r\n<p style=\"text-align:center\">&nbsp;</p>\r\n\r\n<hr />\r\n<p style=\"text-align:center\">&nbsp;</p>\r\n\r\n<p><span style=\"color:#660033\"><span style=\"font-size:16px\"><strong><span style=\"background-color:#FFF0F5\">- King</span> <span style=\"background-color:#FFF0F5\">Arowana</span></strong></span></span><span style=\"font-size:14px\"><span style=\"color:#000000\"> <span style=\"background-color:#FFF0F5\">ปลาอโรวาน่าชนิดนี้คือปลาพิการในส่วนของ &ldquo;</span><u><span style=\"background-color:#FFF0F5\">ช่วงหลังและคอ</span></u><span style=\"background-color:#FFF0F5\">&rdquo; ทำให้ดูค่อมๆ หลังจะสูงเกินส่วนหัวขึ้นมามาก แม้เจ้านี่จะเรียกได้ว่าเป็นปลาพิการแต่ King สวยๆ นี่พิการแล้วแต่ออกมาดูดีนะครับ King Arowana เป็นได้ทุกสายพันธุ์ตั้งแต่ถูกจนแพง (ส่วนในมังกรเงินมีลักษณะพิเศษใหม่ด้วยก็คือ &ldquo;คอ V&rdquo; แปลกดีเหมือนกัน) ราคาของปลา King ก็จะแพงมากด้วยยิ่งถ้าเป็นปลาระดับสูงอย่างปลาแดงหรือทองมาเลย์ King ตัวนึงนี่ว่ากันเป็นแสนบาทเลยทีเดียว</span></span></span><br />\r\n&nbsp;</p>\r\n\r\n<p style=\"text-align:center\"><br />\r\n<img alt=\"\" src=\"http://www.aro4u.com/forums/uploads/post-2-1223164712.jpg\" style=\"border-style:solid; border-width:5px; height:355px; width:700px\" /></p>\r\n\r\n<p style=\"text-align:center\"><strong><span style=\"color:#B22222\"><span style=\"font-size:18px\">ในภาพ : เป็นปลาที่พิการ หลังจะสูงเกินกว่าหัวขึ้นมามากทำให้ดูเหมือนเป็นมงกุฏ จึงได้ขึ้นชื่อว่าเป็น&quot;King Arowana&quot;</span></span></strong></p>\r\n\r\n<p style=\"text-align:center\">&nbsp;</p>\r\n\r\n<hr />\r\n<p style=\"text-align:center\"><br />\r\n<span style=\"color:#006699\"><span style=\"font-size:16px\"><strong><span style=\"background-color:#FFFFE0\">- Albino</span></strong></span></span><span style=\"font-size:14px\"> <span style=\"background-color:#FFF0F5\">ลักษณะพิเศษของปลาแปลกชนิดนี้ก็คือ &ldquo;</span><u><span style=\"background-color:#FFF0F5\">เผือกตาแดง</span></u><span style=\"background-color:#FFF0F5\">&rdquo; ตัวปลาจะมีสีเหลืองอ่อนๆ และตาสีแดง Albino เป็นสายพันธุ์ที่เกิดจากการ Breed สายพันธุ์กันเองระหว่างครอบครัวเดียวกันจนเป็นสายพันธุ์ที่ด้อยลง ในเมืองไทยยังไม่มีใครนำเข้ามานะครับเพราะในโลกนี้มีไม่กี่ตัวเท่านั้นเอง อีกอย่างราคาสนนกันเป็นล้านครับ คงต้องใจถึงพอตัวจึงจะได้ครอบครอง</span></span></p>\r\n\r\n<p>&nbsp;</p>\r\n\r\n<p style=\"text-align:center\"><img alt=\"\" src=\"http://www.aro4u.com/forums/uploads/post-2-1242828559.jpg\" style=\"border-style:solid; border-width:5px; height:300px; width:600px\" /></p>\r\n\r\n<hr />\r\n<p><span style=\"color:#ff33cc\"><span style=\"font-size:16px\"><strong><span style=\"background-color:#FFFFE0\">- Platinum</span></strong></span></span><span style=\"font-size:14px\"><strong> </strong><span style=\"background-color:#FFF0F5\">ปลา Platinum ถือเป็นปลาแปลกชนิดนึง ทั้งตัวจะเป็นสีเงินและเงา (แต่ไม่ใช่สีเงินเหมือนมังกรเงินนะครับ) Platinum เขียวจะดูเด่นที่สุดคือทั้งตัวจะเป็นสีเดียวกันเลยครับทั้งหัว ครีบ เกล็ดและหางจะเป็นสีขาวเงาทั้งหมด (ยกเว้นลูกตา) ปลา Platinum เกิดกับปลาตระกูลหลักได้ทุกสายพันธุ์ตั้งแต่ Platinum ของมังกรเขียว Platinum ของทองอินโด Platinum ของแดงหรือแม้แต่ของทองมาเลย์ และเพราะเป็นปลาแปลกหายากราคาที่เสนอขายจึงแพงมาก ในบ้านเราไม่ค่อยมีให้เห็นเพราะผู้คนไม่ค่อยนิยมเลี้ยงและเพราะเหตุนั้นจึงมีร้านค้าน้อยรายมากที่กล้านำเข้ามาจำหน่าย (เกรงว่าจะขายไม่ออก)</span></span><br />\r\n&nbsp;</p>\r\n\r\n<p style=\"text-align:center\"><img alt=\"Click the image to open in full size.\" src=\"http://www.aro4u.com/forums/uploads/post-2-1242827933.jpg\" style=\"height:500px; width:700px\" title=\"Click the image to open in full size.\" /></p>\r\n\r\n<p style=\"text-align:center\">&nbsp;</p>\r\n\r\n<hr />\r\n<p style=\"text-align:right\"><span style=\"font-size:18px\"><span style=\"color:#008000\">Credit :&nbsp;<a href=\"https://board.postjung.com/638222.html\">https://board.postjung.com/638222.html</a></span></span></p>\r\n\r\n<p style=\"text-align:center\"><span style=\"font-size:18px\">มีต่อ...</span></p>\r\n', 7, '17/05/2017 00:41:09', '');
INSERT INTO `webboard` (`id`, `posted_by`, `title`, `detail`, `views`, `date_create`, `date_modify`) VALUES
(6, 1, '10 อันดับ ปลาสวยงามของไทยที่สวยที่สุด', '<p style=\"text-align:center\"><img src=\"http://www.wallpapers13.com/wp-content/uploads/2016/02/Astronotus_ocellatus-Hd-wallpaper-710x400.jpg\" title=\"Astronotus Ocellatus Hd Wallpaper\" /></p>\r\n\r\n<h2 style=\"text-align:center\"><span style=\"color:#0000FF\"><span style=\"font-size:18px\"><strong><span style=\"background-color:#E6E6FA\">เอาใจคนรักปลากันหน่อย เราจัดอันดับปลาของไทยที่สวยงามที่สุด มาดูกันว่าตรงกับที่คุณคิดหรือเปล่าเรามาเริ่มนับตั้งเเต่อันดับ10เลยดีกว่าครับ :)</span></strong></span></span></h2>\r\n\r\n<p>&nbsp;</p>\r\n\r\n<p style=\"text-align:center\"><img alt=\"ผลการค้นหารูปภาพสำหรับ ปลากระเบนเสือดาว\" src=\"http://phuketaquarium.org/wp-content/uploads/2015/03/19.jpg\" style=\"border-style:solid; border-width:2px; height:250px; width:500px\" /></p>\r\n\r\n<p><span style=\"font-size:20px\"><strong><span style=\"background-color:#FFF0F5\">อันดับที่ 10 ปลากระเบนเสือดาว</span></strong></span><br />\r\n<span style=\"font-size:18px\"><span style=\"background-color:#E6E6FA\">ปลากระเบนลายเสือ (อังกฤษ: Marbled whipray) เป็นปลากระเบนน้ำจืดชนิดหนึ่ง มีชื่อวิทยาศาสตร์ว่า Himantura oxyrhynchus อยู่ในวงศ์ปลากระเบนธง (Dasyatidae) รูปร่างเหมือนปลากระเบนชนิดอื่นในวงศ์เดียวกัน หางยาว โคนหางมีเงี่ยงแหลมมีพิษ 1 หรือ 2 ชิ้น ที่สามารถงอกใหม่ได้เมื่อหลุดหรือหักไป หางไม่มีริ้วหนัง พื้นลำตัวด้านบนสีน้ำตาลเหลือง กลางหลังมีเกล็ดเป็นตุ่มหยาบ ๆ มีจุดดำคล้ายลายของเสือดาวกระจายอยู่ทั่วตัวไปจนปลายหาง อันเป็นที่มาของชื่อ พื้นลำตัวด้านล่างสีขาว หากินตามพื้นท้องน้ำโดยอาหารได้แก่ ปลาขนาดเล็ก, สัตว์หน้าดิน และสัตว์มีเปลือก จะว่ายขึ้นมาหากินบริเวณผิวน้ำบ้างเป็นบางครั้ง มีขนาดประมาณ 40 เซนติเมตร ปลากระเบนลายเสือเป็นปลาน้ำกร่อยที่พบอาศัยอยู่ค่อนมาทางน้ำจืด เป็นปลาที่พบน้อย พบได้ตามปากแม่น้ำ เช่น ปากแม่น้ำเจ้าพระยา, ปากแม่น้ำโขง, ทะเลสาบเขมร และพบได้ไกลถึงปากแม่น้ำบนเกาะบอร์เนียวของอินโดนีเซีย เป็นต้น แต่มีรายงานทางวิชาการว่าพบครั้งแรกที่ แม่น้ำน่าน เนื่องจากเป็นปลาที่มีลวดลายสวยงามจึงนิยมเลี้ยงเป็นปลาสวยงามที่มีราคาแพง แต่มักจะเลี้ยงไม่ค่อยรอดเพราะปลามักประสบปัญหาปรับตัวให้อยู่ในน้ำจืดหรือภาวะแวดล้อมในที่เลี้ยงไม่ค่อยได้</span></span></p>\r\n\r\n<hr />\r\n<p>&nbsp;</p>\r\n\r\n<p style=\"text-align:center\"><img alt=\"ผลการค้นหารูปภาพสำหรับ ปลากระแหทอง\" src=\"http://www.t3udon.ac.th/webdream/ex/02/images/fish09.jpg\" style=\"border-style:solid; border-width:2px; height:250px; width:450px\" /></p>\r\n\r\n<p><span style=\"font-size:20px\"><strong><span style=\"background-color:#FFF0F5\">อันดับที่ 9 ปลากระเเหทอง</span></strong></span><br />\r\n<span style=\"font-size:18px\"><span style=\"background-color:#E6E6FA\">ชื่อสามัญ : Schwanenfeld&#39;s Tinfoil Barb ชื่อวิทยาศาสตร์ : Barbodes schwanenfeldi ลักษณะทั่วไป :เป็นปลาน้ำจืดที่มีรูปร่างป้อมสั้น ลำตัวแบนข้าง หัวเล็ก จะงอยปากสั้นทู่ นัตย์ตาเล็ก ปากเล็กและอยู่ปลายสุด หนวดเล็กและสั้นมี 2 คู่ เกล็ดมีขนาดใหญ่ ครีบกระโดงหลังสูง และกว้างมีสีแดง ลำตัวเป็นสีขาวเงินและสีเหลืองปนส้ม ด้านหลังสีเทาปนเขียว แก้มสีเหลืองปนแดง ขนาดของลำตัวความยาว 15 - 35 เซนติเมตร นิสัย :รักสงบ อยู่รวมกันเป็นฝูง ปราดเปรียว ว่องไว ไม่อยู่นิ่งชอบว่ายน้ำตลอดเวลา ถิ่นอาศัย :พบทุกภาคในประเทศไทย ทำให้มีชื่อเรียกแตกต่างกันออกไป (ทะเลสาบสงขลาตอนใน) แม่น้ำตาปี ชาวใต้เรียกชื่อปลานี้ว่าปลากระทิงลายดอกไม้ อาหาร : พืชพันธุ์ไม้น้ำ ตัวอ่อนแมลงน้ำ ซากสัตว์และพืชที่เน่าเปื่อย</span></span></p>\r\n\r\n<hr />\r\n<p style=\"text-align: center;\"><br />\r\n<img alt=\"ผลการค้นหารูปภาพสำหรับ ปลาตองลาย\" src=\"data:image/jpeg;base64,/9j/4AAQSkZJRgABAQAAAQABAAD/2wCEAAkGBxMTEhUTExMWFhUXGRcYGBgYFxcaGBodFxoXFxUYGBcYHSggGBolHRcVITEhJSkrLi4uFx8zODMtNygtLisBCgoKDg0OGxAQGi0lHyUtKy0tLSstLS0tLS0tLS0tLS0tLS0tLS0tLS0tLSstLS0tKy0tLS0tNy0tLS0tLTc3N//AABEIAKcBLgMBIgACEQEDEQH/xAAbAAACAwEBAQAAAAAAAAAAAAAEBQIDBgABB//EAD0QAAIBAgQEBAQEBAUEAwEAAAECEQADBBIhMQVBUWEGEyJxMoGRobHB0fAUQlLhFSNygvEHM2KiJJLSQ//EABkBAAMBAQEAAAAAAAAAAAAAAAECAwAEBf/EACkRAAICAgIBAwMEAwAAAAAAAAABAhEDIRIxQRMiUQQyYRRCcfGBkfD/2gAMAwEAAhEDEQA/ABMXg7dpiAkwd60/g7GwpDELG1I+H2mcFrjAneKW4m6+dwB6e1dfqe7fRB7HfiTiq/xOYDUaSNqpPH4uifhYQaQGypSMxJ1Ou9KTcOvSa0oJ+4xfxt4vkpsTp01rZeDcTaa2yOy5z9qwmKvgjWlxYhpVip7GotLlsZrVH1HiWDtW29DSfekHEcdkIXeaQcOxl1d5f70Texa3dlOYfaqObrSBQYvD/McFf+K1fh/hCG3dZ2/zBIBB+lKuF2QtnMD6poO5eKHNLAGZHWlXuSbNJDHj17yraeVcJuA86zWOxt4HORuNYoqC5LnbkOtSe75joI20rSmvjQOhfguJC43qkD51rf8AHyltbFtdI1JpJxzgYLZkI0g6UhxnHGU5cusVVx3yBSZRx2zFxnHPlTzwJi1AZT1ms/ZxXmk59OgqXCsb5N3QfKuTOnK0inG40b3jGKEek1l8W2gqeJvO1rzBt5oEf7DNDYkyNatgjxgrJtUUYK9BaflVeHjPvOtVXRECq8LbbPK7Denlk1VDJbNS+MdSDMgUfxC4ps5gTm0MUgw5LkCY/OrsRi2tEhtV2qUlsPRovDWC9Ye48p8RH5VTxrjwu4hTEWrLkgdRtSPC8VXUZ9SNBUluK1ptADOvelaqFfIaNnwDxBgTduXXtlmJ00kCKhxvxJhcdeFtSbYQHKSIk6aV8+OIyGFEToRt86ufhpOuXQ8+lFOPfyChli+H2muELckEbxzr3wrbuqtwIQGQ5tdmAO30oa9Z8qFIiBv70/4aSqqqxLGCTTdxt/yN0QwXFlYlWQyS2xmDv6uw5UDj8OoZ2QzcIEyYgtOoHM0Lj7JtXGK6N8RHIgQDVtzGWGZr4MvI06H/AE9Kz6pGsttcIuWiqgZ2IJnl1JJNPcL4e8rCviJLZiBlMyzExpHLvSLhXiG6jqxIIXNq2oE6AAdBTHEeLUdSquxbLBUwFG5JWOU0HHwG2I8RiiCymQJFtok7yYJ6aUv/AI4JdKNBSUOWBsgOWCRpvtVuFxyMt3TNnVSu/wAU6z9aTXcOSfMB9fQbKQRMnpFGEfbRuzXcRxli0twBlt5UDWxBPnO8SQQIgA7TyqeO43/FXLKBAljC2lZlOmaRmLR3MfKsfxW67FQWzLlAAO+g5DuKdYCyLlyAyiQqsJ9ZGVS3yhPvQ+xU+/6CjwYZ3usbjlnklzOmsMxk8uVUX1QMcwkHYHpyNOeIWMtt2+GdhzOY7j2jQUlxF9mVQ5LR8MZdAfbnVXLikvIUV2OI3VM+Z70VhePPmII0POs0b5kTyom/ii0ZRFDlrZPiarF4235TZfipVgbxKheZpZYYrJamWAuIBmYxG1NKmtCnXrJkqOdSwuFTOqTJPKltzirG5KxFFcGRvNFw9ZqOVJ0OlqzS/wDYeCsCOlBXcSF1SNdxWjscM/jPSGEtp7Uk494NOGYJnOY8+VK6Sd9C2BYfjBZoUwNqZYjObUFZB5io8P8AC4CZp9W9EITaQqx06fpRi01+AMVm9ckIFkAb0RglDMFUeo9avI0lTQ+OtXEUXE3G8b0zVbfQBhiZQ5eY3pTxHhS3NdmoixxNGP8A5EazULeLJMRtVvFp6AZvG8PuWzEV1vDsYJBnrWsuqjKSdTS2/hLqqGtmflXO3LyPyJWnKYdJG7vp7BQDS289aNrbLg7Duslmae0hv0FZ3E2SWnei4tV/BmCm4CDNXcJMs0chQ72WAq/hS5ST1pOTCkg60kjoQZrUW8NauBVJDNGw/OsnYYgg8pow4lkOZTvVJRtWYL4j4eRZKfFvFA4IJqbsqR94rWeFm81WtkHOefbnSvxFgEUw0yTGaspxq2YWYC15zFsuh27RWnsYFFW2pbTNNw8gOVZjh14I0Z/SRT6zxIeq2YIeN+Y6VKME9sYo8UomYwwiNx22pfwXGkq7AyUZfTzIPSqONrGYdB8I5Us4VhgdyV0MEaa8vvVJS0osBouK2XuXfhiELEg8iOfevn5eGZgSGBBHQgbzWs4djbhFyScwUDX339qzuIwrliEI1BzH3pkEHvY+REmZ/QijfC1uXuORKqpX5tQ/GbCgALMiB9t60PhS7/8ACdMgzKxbNzOYga/ShJO0jeBfw7Y684A9p+u0V11yqmZzOozzqQZKx2qPDxF1lM5TtG0kwPvXt9YJD7T6u+5mi5VIxCQSjFsxlQJ7en8vvXJe8q6dYMmf0+9KLOMZSzL/ACkET77x9Kudbty6zZejNptmjX7is65bGRruEY1nDWoVjGYZiemoB5c6E4hfNk5UBjWCREiTBA/p6HnSKxiyjaE6Hl2qviN27dJbMdSPSOQEgAdo5UbqVsxUomvM8GmNmzA1FV38MMsmtxJ2CXMRpNDveLc69xHSrMDhsxFAIRgbYI7074SB8LHbWrrfBxlnbTnQOL4c4GYGhKNoVT2fWv8ApvYtl2uZliNBI350d4pwnmlpcM0wkRpXwGxjr9snKzr7E0ThPEWJRw3nNPcmhxVUzOLPrqgABQNV3pVx1VOUEQKzPC/GTlj5hGtaNcat0yYOmlUcYtUhdoUkZWjNNM8VgXXIT6lP50ix1gKcxYATTG5xy46Lbt2mOwkAmp8btM1NleL4cquDET0qjyyZMQOtMeFcOxBkvbdukiB96c/4FeZYyADuf0pU66H4t9IxliS0cqY4jiYVMgFaS14Luc2VSegP9qvwngBFYOzs5/pMBT786m1vsZYZPwd4j4Yf4GyiiXCoco3kiT+NYc4S4hh7Tg85Ux9Yr7HawREepSffSqjh2nUiKvL6ldUX/T8vJ8axxtg6mO1A4JgcxGor7ldwCHRkU+4B/GgrnhrDMNbCDuFj7iKR5cbB+ml4Z8psWfQY3oZyYg8jX1NvBdgTlDL/ALj+dJsf/wBPCTK3iDv6lBH2imjKL1ZOWGaM5wbiZt3FNto5EHvTnG4j/wCOGuQxDH7zS7FeBsUjSpRx2JB+jD8644C6lpluW3BGuo0+o0o1S+RHBrsU4zE2wEfLB5xtR+cB7ToJGQmN4IrM4l5GUe5pj4cxjZo2j0zyhqlF/gPgpxNw3GLDYmisaVRVEa6VbdshLhsHWNZjrrQV9M49jFPBW7YoNjMabbKw2jL7g7TQNzEmZBgGTpudaJxuHLJ3WRHUUouI2jDloRzoSTehieKu5lYnetJ4dsZbVwHmi+06GsZevzpyP51tOFXvRc3gLA6ToaaO2bojlGYNzg899RQ2KOYjSQwO3UAiD86jcbVXbWA+23UR3pfjcSwIIzAE6/UyPpTUg0UcDwue6Aehn2FObKsXKKTDDWNfSvw6dBvUOGYNhccKZklVPOGGb9KlwHiVtLxW8SDlKnt1X33qU1q/yMhfj8HlN2DorATz3oC7dZZBnQx9qcY/EWfMxMPmQr6ZkEkgcv6gZrO3cVmMkGT9PpTyktmNtxfDMjBIgjeh+H8Eu4hsqmRzrVXHTENmYAE6UZZRsH6lC5fej60/KsgzJcS8G3V9QGgqnA2fKJka19Lvcaw920JcAnesFxe7ZM5WJg70Vlbe1Rk29Ar8WuXX2AVdO3aa0uA4IMRZRlfyzJzA6gwY06bUrw+AthA4Pxdac8Exy20CyYEkxrpmH/6FWjPlphivkYWPCKRDshB7Utuf9MbLMT55UdFUfiacJxMEZswUQj9YDCDPs1XW+J9WjWI9uf0peDRVcUKLP/THCKRmuXWP+oD8BTvBeFsHa0CE/wCpmP4mqf8AFGjpv9jE1Q+ObmdqVxH5L4HZwmHTa0vzAq44pRsAPas2+OYxVNzEP3pHCwqdGnucR10A0qscRas2MS23OuuYh4ih6aM8jNC/FGnQ7c6l/irRGasvbxbbVxxprOCBzNOuKY86LTFE7mscOLEVbb4zrQ4I3M2aY4c6JsYtSeXzrDHi4neiU4qORpXjTHWRo238QpOhg1KYGrAmsha4p3oi3xOkeFDLKzSu45j51A2EI2pLa4l1P9qu/wAUB1jWgsTXTD6q8gnFvCmHvam2M3UelvqKyHEfBdy0S1lsymJVtDp0bY/avoNu8Dz+VeYhyNDr2NNcl2CUYyR8f4sjW8QCQQcvOgvPIPvNfWOIcNt3lysoIOwO49juKwXHPDTWWLr67fP+pfccx3qykmvac88biZl8VoWJ1mKqsKpJggwfx3qWMsjIco1maAw7spB2B5/jRkIinHWAtw9JBp9axqwUmJM99qQcUM3J5H8qubS4COYBoXu0MkH3r4IEToZBP70q1yLlst/NOvLny70BeEEkbT9ZE0ywb6CdRG3Q8qKfuCGYa8EzsGgovw9CCnqHU71lSTcutcOssXaO5ltPma0fELasXgycjA9+pHaRFKuAJlLXGHpXcdzsO9GcElr/ALoCFePtqHbKZWTB696pWmb4MsAI3k6chqaLxOHX+Ftq4IuK5nQaqyhlJPP+9T43Kgth5xcDJ96ji+KMRlkkbgliflSRsUSfvXucNudKWUmiijELTHXM0iInarL/ABUxl6amgTiuQFVMfakD0GnizDbQVtvBSZ7CEnKXulQ3ZgdPmyCvnJBYgDUzAHc7V9afh4w+Ft2gfWlsv3N3D3M7D3Ku30ro+nXusnJsV4m2oAZjrdz2mXYKZKkdtQDUUuZWkXfhHlQf6tga9xt7M962IZb6HEWT0bQkD560ve2l4BgY85VYj+m7aILDsSKtJioOt4i5/wD0WbiB8p1AYEfrV6YxokaNCmN9OdKr/nqWBJhHVkb+UqdCtSZgJZm/7TEE9jyNTsw5XHGXGYQpB+vKr/4gg7g6UnW6MzIPUT6weqnv1FWm6ArG4NBz7cjSuYKGoxB3j9mptiZHw/lQdormb1aqBMztuD0qxHYzDSAJjfnQ5h4hDMDy3rsu4ob+IO+bQDUQNKuOJJE6QR0FOpJgKXtrNRW2JirTcBGqiPepEryU/X+1akawVrQr02+lWtljY/KoZABv9aFI2yEOOdSGJcGrchjcH5iuI7VqNZdb4gedH2eIDrSkIKtFgTvRo3IeW8T0MUVZx8aHUdazltmWiLOI112oNWFSH9wBhKnUdNqhftkiCAG60ttXSNj+NHDGqwObcfuaR462g+o/JlOJ8ATM5GkgyvKd5HSelYy9YXylA1h217RpX1Z1zmQYP73r5v41whs+u2IRj6h/Sx1/+p600Zf7A15RlscoFSa5MEcq8NzNykioYddT2NSdvYUMlt6qxWUIOaiLCNqo0KmJ/faqcPiSFKnUHp+FX4dyhU95/tVdJCtjC/hstqQdGRyCfiBLICNO9AcOCooYzm9WnKdlHfemWNum4rMQYCN7ZiQTHSleHExJgD8eopp9JIKCb3+XdBYAqmWQfhMDY9d9u9LcVe0zFgMx06wNB8ooy8GeTOYDcEQcxBmBzA61Ra4iLbnQHlqAR8gRSmq2I5r1veokVxgVJlCwN0qXl82+ldbtMV0GnWpCzzOtLsDdGz8A+HwR/F3IyrItA7M22f2FNuJcZZjKAFiVugHcXEUJftns66is7w/jVw2RY5J8Pt+zQt1zzJ11nuNj710RmoxpA7C8Ri1yr5YyrmZrDE622Px2W6KeVeIi3CQNPMBEHdLqATt1FLbpJJJWZ+IDZu56NUc3djtpqLikbEH+akeSzcR3hncKlmcy+pLo5q26kdqKwy2bgdjpnWHB2zqcv1OlK8PigcxZiHdcouAaErtmHJuVFm0hRmY/5d0IGI/lubT21opgGpQhhaCETbhXHI7RVShkQG62i+lxG8nRqnh8RdFxkn0+WuUnkw0++le4K4Hl7vpzDy3U6AkHlNZpMGyy9cRWCMdbg0MaEDuKiFItgWjAkHbWOYokWWDZcsgCUP2Ioa26uVujMhUlWU6a85FI4sNknxABgCQw1jbvRBfQKBodD2ihxfb1g2iADpHMGjbVoAlVjOZaOtPGIGwbySBEyd+9WpbbQ9aLt4do9QhuX515dQgDX1Rt19qrVCghHeoGflV7BomPcV4LR3pG0gkAIHY1K20ag1PJI9q42yO/WgmYj5/X9+3erBdHtQpNXBaawMIW57VIMPbrQbKRtUTeI3+laxWHC6Qd6uzho1iT1/Kloxomue5qChgH6H9KcQfWbTD1aaae/eaXeJOG57ckSjiCOff2I3onBcRiADBAB7feiILSGj1dv76UHBdoZSo+UWeGlGckelBBPUnaOpiuwuCLWWeNyfaBWm45hzZ8wZTMensTpJ9gasstas4UmSGyFI3+Ln70tDt+TC4ZT6hJ7dac2XlNtNP+aTtaKXN5VufSaf2kHlwD8uv96SlsLC8H/lYa5pm8wlVB15amOkUqxeHCW7cbnMdOkwKO4xiyi2gAQIOs6MD8UHftQWKdgGYqoQKP5tvMPpUHmROo6CjBVthsL8RuP4LDuoAguLhn1O7fEwA2UQFmse+ZQP8AyGYR02/KnnFVLi3YT1OudmYH0sN1gfWrfDeEuPmvWTZUn0lHGg21Gvb71PpJIyZndToKZ4ThDCGubdKs4JgyWHp9X4U0xR9ZDHaglqzOW6AxbOUwNKFZCNKsxF+AdaGW4xExTARdh7x1A3qAxLKYmR0IorAemSV1q23gw5mjaS2zXsnhb6voQV77ir73DiAWGvtyprhOC+kEEe1DcS4JfaChI6EGKT2NaMsrE5Q69SNejdJHJu9EKcoYQcreknlOhBYe/Om9rw/iWX129f6hH/sOtL1t65XkRII+0GhFlFT6GFu+GzlWiQgSds+oI7a9atcG4q2b6lWcEyNgV/UUv8qPUB00/qXmD/5CjsHjSoUFjcliRmHLYrPJgKcAaQZW5mK+VpO4ZTR4xdtrpskQxXMDGhpTbtzaVbFzNFwsVY65CTmHypnYvBrjA2yGt6AxuGH8pocmbiVpcfKPN9DBsu+h/p+oq7D4hWbOFOZcyjQzputDXGlLYQebaLQx3Ig7n50RjXJY209LjK0xoRyI6671udG4hNosylln1eoZh8JiCKJNoHJ5hGfYRzgSYqCNcDKVgiYce43FHonqKG3AWGV9wZEadCKV5mFQFxwuY7yVJG+xq1cKR1pgubITcUAkwxXXsDXeXAAEtyLc/wDipvKzcRf/AA+xqaWJJBGtHZNP0qCjrvS+oGkK24f0+VU+V1G1OQddelV3bY5D+1UWRg4ii5aoS8v4038uaHxY8u2WA12X36/KqRk2ybSFa4Vs0QZ3gch1PQVYDBHTao4HEsMzbF9zuSOc9Ks/iZP610k2iF7MDK02wWPIgt6p+RUjmeopVjXYj0GSOQ3+VK7eMYGQSD11pXKmBxs0viHBG6mddTvJO/7isRibb5QCZmtlg+Ls1sJM5Z00+1Kse/l3AQB6we8Hv061OacloMG+mZjFYJpk6aQKYLbAy67x+AFBY68WLamFA/ftRGMxKqqgicuViNiZ3EjlSxhx0UJeIUNxyyQ2T1QBGk6/vvWfN5hK/wArqwk/bsDRd/FOUASJYwF7LJDT1IIHypdhwxYhSAD6iBqV7DpWnIYNsQuU2jndlIJ1GWRsByoHhatDEMVMgREjn99KcYfDPauW/Lhl9T+4HxAkc9aoPDGUIXhRdBujI3qAJhVaRpz0pVtGDL/HQP8AtqBSq5fZzPM1bheHO38pptguE9YkdaZQdE20JRhWJ1pphsOSAOv2qeMw5U66dKK4ICSwAk0MjpGWw3BcOt6geo8+1MsLZEBFUA1VhOGkEbid6ecN4V6padK5bb3QdFGJsC2FLbdqJw+KVlgDWKCx1/NcyD4QdJoYAyxQ9qvFPwI9E+H8aa1cIdyVOwqPim9h7uV0IDxB7+/ekmKwDnUzSq9hXuHKGMCqRx1/kye7GoEb11xN457j25jvVmDsQgVnBOwPM9jU7y/KtTRdNPoHFzJ/KWOxI0MHZqZ4fFZiqkzlIM7MI2nqKAI/SoLbAk6z19utKNRocP6AxsqD6gSp0kH4iOhqV+/bUeXldgUZg2+hMEddJpHaxjLqRqNiN4pphOIFlIDDWdQBmB9udK0AN4aFTLnYh3Atg/1FdVnlmijsOxe3cLOyptBGVrZUw2vMHehsNcgtcLIbeUECNQ45+x09qNN4M4QEAwHdGEhkYFSO9c8rXYyLyx0yeqCA2vIj4h1qYME5tec/PaqE1EKMgXTfX0/CQeaxyqVpTuwh21IBkac1mhZicDrVSqZM8tqkryBBkcjz3rwNB196agHrJFepMfWvQdTViRFDYxR5Q3pbxwQqr1Jp0gpXxdZuAf0qPvM1fBL3bJyQlXQCB+9RVGJSNaaWbJIBG4JH3mi72BzgkiDrGkj9a6I7ItbEGFMeon6VZdC3PgHr1n+lvYcj250vvFpYRqDHvHOpW7pUQBzn9mn0hTwKVYAGD9DV/FcK7KDz36HbtvV2Q3QCfjA+oHI0VgMQR/lsNOUjUf2pOugmHJYOVbQsRPeNhXccEkkRDAD5jaKd8es+W5aNNGGm8HUUpxgDqGI0BlugzSKMSiKOGYRXRc1zKwbQHaVBO3yFWotp/KYt5bk+ogaZZM5gOcbVHhzLavAsgZUMkfECNjv2qS4dMQ58n/LUElQd2iMoMdKSUGFB3Bbatde0khJuHOTDZWBAHcyAYpHdxxA8tpyKdIjUiQNT7n60SLptyTMqVIHL0gmT11oB0mz5hGpuFew0zbfP7UfBj7imDwYX1PbEdxWf4twXC3Ja1cAb3r5+bbnWDr3NFYG0UYZmgbnWoTj8Nk1CvI04twG9AZWzCk/CuINYuAncHXvWownEGVv8pgU5g0h47bDP5igCdxTRUqtsKZp34rmZdInUU9wmPBsusjN1kViuCY8EjzBIXSKE4riw14+XIWqN7vwDiFXbVwkw1eWc9rqZqOZiYBgRR/DsE7mSZApeSswNdvXn3EdqmnDnFskfEeVH4m+i6Eia9Fz0yDNXa6onbFWF4ZBGbfSmfEIBGk6a9apxN8CGEnrQrcULSMkmhSGT2e+WGEqf1qsg1ULjD1RHaiL+KYt8Ajp+hFQcWVjk+SnnUraxtod6IFnN/KR2P5HnVNy2VpbKKn0XWsYVMmR1I/TnTnD8U5mGjYjeOYrOzUQI2Mfv/mlewmzsYgsihbgzAjNoPUJ1BHLSigwHpWdCY7ex6VjLWMYaHX8e1NcLxX3PY7/WlcDGkVWaNtKpYCBoRufyig7OOVjE5fcxR6XeW/6VkjHk8xVttaqbXerrIihRiSLrQPF1AcH+pYnvTJCImkXijGizbzvMEgCBOvKKaC2ZhvClUqeoM/Xf8KYDkRvtWEwfHMuS4oJVgSRzgGGMdq2NjGK4zIZUjT51e6JtWZ7jGF9ZIGm360qxI2016j8+9azFqGWOf40nxWDgfnTWI4irC3yp501FwXROuYDf22mld21FX4RiOdNEVoKxuG862VYepdp+8+9ZXH4Uhcn8uo+x3ra2MStyFOh5H8u4pbj8DM6e4/On40x4vwYi2pDOCNlPvoKswdwrMAk6H5HemGMwRSSpJUyCeYnefpSuw+VlIMCCQf8ASdVPvQmqGXZ7cInSIg/p896Es3XGdLYDevNy7jQHltTvhd4OhtZRN66hQiZXK2o9omm2H4PbVmGTO5JJPICTAzczUpUlsIrv4i4hyupX3FRfGrckN8q+oeJOCJfRjl15Gvk/EuHlDlglgeVJHLyWwOKKbOIZW0OlMLGIUqQd5pUts7EEH2onAYS4zgBWb5UFkRuAVa0uabGvc480AjatJwzwc0hrzFRvlG/1pq3ALEybRJ2nMajP6iK0VWCT2ZtrbZS0aflUE4zcMW7ZABrYW+G2WUjKQNok0C3hm0rFrZMj50I/Uw1Qr+nkjKcT4c5MzLVqPAnDXdSrLmjTtQWJ4JiC4ZADrBPQdYr6T4X4eMPbCZwzGSevWjPKruLEWN9MznE/DnlCQkdaRYtLdn1qupr6qlh3DB4gbV8+8S8CZ7rLb16VTDnv7hJY/gzd/EAsHjTmKEvcUDOMqU4wnBrqA+YB7UbgbFm2RKGfamnnSWgxxPyK28+6QyrAG1AY+/fXdJPQiRX0INaYwghedK+K42ympIEaGal60nop6aRi7ONRh6gbZ+ZH6iiHw5iRBHUaj7VfawK428RZ0Vd2rcYPw+ETKBMD6/KkllSGin0fPUnerFYTTzj2AuWyD/DEr1Q6j5UuxHDnABAJG+wB+h3po5IvyN4KxiGH71o7A44yAD8j+9KVlCDqCOx0NP8AwzhpZmMaRGoG/PUVaK5OhWaDDWeba9polnA2A/fyqVvUaH/2P5ChMfeS2MzsFHUmIrvjjilokWDXX8KC4pw5bq5LgzDQhTrryMUNY8RWnB8toG2Y6D5Tyo6xeBHvzmfvzrnzZYw6WxlG/Jkf8GK3ylq01oD4maMrA8l6jandjDi1KrPUD8qcBtqE4lhc6yp1G35157zuUtleNLRC0QymTDAzr+H41cbAI2jnS/DYgbNoetMPOA9/t8qrHIK4iriPC+gpNft5Y5VtXM0o4pggQPxFXjLyRlEV4HIAWJ22FSxPFLWUB3OY/CABHsetKMTZKkwp/falN2wS8yR020+u1dUckfIux+zqyyoPQz8J7Un/AMOtj17hZhYOhJnlyFMeF4gAeXmBWZkDnrIHWp3Cqt9xpvWceaGUn5CeD4POVCW4uKuRFEFRmOa4zHrrTvxPgBhTbw9h/Lu5c927Opk+lIOw+Ij2rOpxK5bMAlFJKysbiMxgajQxQd5jfkh9c27b+mRBP+6oxx77DJ/BvWxp1Vp1ESKFw3CrQBcjNOska11dXnfU/adUUuRO5h7YGbIs8pFUW4UkwB7Curqhx46RYaKgYBpM7fSo4dzOveurqWSXYU2eXFEabmgbhO2xr2upH0YMwpKpJM6TVJxZIkfWurqaOkGRY3E7sfEduvSkY409x4EhutdXV0Qejlmldjay0iSSTVd296SQo9O9e11S/cFiXhXE1d7gLEDkIp7jMBYvWZNoSRz3966uqktE32eeA+EpatSP6jP1rdh0MZfaurq4bc5OyqSQT/CFhlgAc9qz3EeHI58sj511dV4aqhXsMwHgGwEK3SXB1A/p7g8qz/EuB2sHdItliAASD05DvXldXp41xWiPbLBlv2GNklLgBidYPaa+V4y9cBYXnLtmIkmf+K6uqkpNxTF/dQ9wNgLh1AA9R9U6zNZzEPdwlwrausomYB015Zdq6uq0kmtip7HGC8YXYUMisxMT8P4c60mP44toLnDaiREH5RXV1c6wwlOmvBTk6E3EPFOEGUkupfWcsj5gGZq/DcaWAysWU7TIB+0iurqhnxRi9FIO0OExbkCPSp5zv8jqKCxVu8Hzm4Sh5CNPkdDXtdS48slo0ooEvvmOtzL/ALZn3g0Ld4ZbIJN0n/b+ddXV1LLJIm4IEw2Dtm5CFjAJ7QBJ3r1Lyhs521+vLSurqWE5SdNmcUiq3ZbEXGQemPXJg+nd5O5OnSj+I4JSU/h5yqvxGAWJ1Y5eQnrXldQbdOXww0f/2Q==\" style=\"border-style:solid; border-width:2px; height:250px; width:500px\" /></p>\r\n\r\n<p><span style=\"font-size:20px\"><strong><span style=\"background-color:#FFF0F5\">อันดับที่ 8&nbsp;ปลาตองลาย</span></strong></span><br />\r\n<span style=\"font-size:18px\"><span style=\"background-color:#E6E6FA\">ปลาตองลาย (อังกฤษ: Royal Knifefish) ปลาน้ำจืดชนิดหนึ่ง มีชื่อวิทยาศาสตร์ว่า Chitala blanci อยู่ในวงศ์ปลากราย (Notopteridae) มีรูปร่างเหมือนปลาทั่วไปในวงศ์นี้ แต่มีส่วนหลังและหน้าผากลาดชันน้อยกว่าปลากราย (C. ornata) ซึ่งเป็นปลาที่อยู่ในสกุลเดียวกัน สีลำตัวเป็นสีเงินแวววาว ลำตัวด้านท้ายมีลายจุดและขีดจำนวนไม่แน่นอนคาดเฉียงค่อนข้างเป็นระเบียบ มีขนาดประมาณ 60 เซนติเมตร ใหญ่สุด 1 เมตร เป็นปลาที่พบได้เฉพาะแม่น้ำโขงและลำน้ำสาขาที่ไหลสู่แม่น้ำโขง โดยมีรายงานพบเมื่อปี พ.ศ. 2510 และมีรายงานพบที่แม่น้ำน่านด้วยเมื่อไม่นานมานี้ ซึ่งถือว่าเป็นมีแค่เพียงสองแหล่งนี้ในโลกเท่านั้น เป็นปลาที่หายากชนิดหนึ่ง โดยมีชื่อติดอยู่ในบัญชีแดงของสหภาพเพื่อการอนุรักษ์ธรรมชาติ (IUCN Red List) เมื่อปี พ.ศ. 2537 ด้วย โดยอยู่ในระดับหายาก (R)[1]แต่ปัจจุบันสามารถเพาะขยายพันธุ์ได้แล้ว นิยมเลี้ยงเป็นปลาสวยงาม โดยการเพาะขยายพันธุ์สำเร็จเป็นครั้งแรกที่สถานีประมงน้ำจืดจังหวัดชัยนาท โดยพ่อแม่ปลาเป็นปลาที่จับมาจากแม่น้ำโขง เมื่ออายุประมาณ 1 ปี น้ำหนักประมาณ 100-120 กรัม ใช้เวลาในการเลี้ยงประมาณ 3 ปี ในตู้กระจก จนปลามีความสมบูรณ์เต็มที่เมื่อถึงวัยเจริญพันธุ์พบว่าตัวผู้มีน้ำหนัก 1.8 กิโลกรัม ตัวเมียหนัก 2.1 กิโลกรัม โดยตัวผู้มีความยาวครีบท้องมากกว่าตัวเมียถึงสองเท่า</span></span></p>\r\n\r\n<hr />\r\n<p style=\"text-align: center;\"><br />\r\n<span style=\"font-size:20px\"><strong>&nbsp; &nbsp; &nbsp;</strong></span><img alt=\"ผลการค้นหารูปภาพสำหรับ ปลาทรงเครื่อง\" src=\"data:image/jpeg;base64,/9j/4AAQSkZJRgABAQAAAQABAAD/2wCEAAkGBxMTEhUTExIWFRUXGBgZGRcYGBgYGxodGBgXFxgdGhcYHSggGhslHRcXITEhJSkrLi4uFx8zODMtNygtLisBCgoKDg0OGxAQGy0lICYtLS0tLS8tLS0tLS0tLS0tLS0tLS0tLS0tLS0tLS0tLS0tLS0tLS0tLS0tLS0tLS0tLf/AABEIAKYBMAMBIgACEQEDEQH/xAAbAAACAwEBAQAAAAAAAAAAAAAEBQIDBgABB//EADwQAAEDAgQDBgMIAQMEAwAAAAECAxEAIQQFEjFBUWEGEyJxgZEyobEUI0JSwdHh8PEzYnIVJIKSFkPC/8QAGgEAAwEBAQEAAAAAAAAAAAAAAgMEAQAFBv/EACwRAAICAgIBAwMDBAMAAAAAAAABAhEDIRIxQQQiURNhcTJCgQWR8PFSweH/2gAMAwEAAhEDEQA/APlwc1eE3vY8v4o3KcOdSkkQQKA8Ta7iCk1qcPiUrIWBwvHD+KnyycY66E5NKvAEybmn2Sv6keVZrFqKSo+ftTHso7dQ3kA1PmhcLJlHVjTO8Cp1BSjSCoiZMSBWeweWuMPp1JsZuDIpr2pbSpCNRIhViOoi/Ss4w8ttQSone1zXenUvp6Ya/S0hv2pwZIDiRtvSLC7+dbvAqC/CriNuc1lc3ytWHd2+7JkHl0o8GX9jMxZLTgF5bdlQ5TSV5XgjrTvJxZYoJeAGhS3DpRNuZ8hRQaUnZkWuQrZaKyABJmtA5iQwtJJ1GIKB+9KEY64S2NKfmfM1biEaU94rc/CP1pk1ydMZkXKSsb5g+HEBTYAUkgnn5UTlcrWbxCazGWOHX571qsiHhcUPL2qfNHhGkKyR4aAcySsqCzulUedNpkUjzB5YASfzE01ZPgFBNaRi2hY+ZCk8r0m0BMJG5NNVn708jIpK4YX5Gqsa0Mwq7LcMtTbh5i1F4F2Sv3qOLalzVwKaKSyEwRspHzrpNHZZKSOacVrQBvNNc6QS3rTGn8UfWhHXUttpVusiBXuQYsHUyu6VzHrSJf8AJeBC6sR5ar7wVrMA3cq9KzisEWcQUHhcHmOFaVhyEzW53aVeRmVpztfAmzl2XI4C1BNtqdcShPOBUce8dR6mp4FxSHG1jgoTTEnGGvgLHHpsIzXAlo6Sd5BHJQ40twioXFOu1eK7xYWBAP1pUwhJGr8VZhk3jTkHJKKaCkPFBBFVZkoLWVDZaNuqb1JglRHtVr+H3I2mD0JtWqkxEJcZBeXsgtNCJJNgfPc0a12g7pxaI1JUgpT57D0qGGbDTfPQg+8Vntf3jZ5CT9aTwWS76CW5f3NQ/wBmEsuByZBb1QeComaz2WoL2Kk3JNarPM171tJT+IADhbY0P2cyoN4gD8qZJ6mlwyyjjcp90YpvdgnaHGLbbCUwQVDVOx08CORiiMTlSX8OFYdKW1khxbfPy5V5nWDLpKRfxz7G9I83zBTeJBbMFACf3B6UWOLklxe+zYx5aXZoMoGnWPI0v7LCHHp4n9aYZSdaVKHxWt5ilOQPffLHnXVamBC1aCO1uBQ4hOJZHhgA/vQGQWQo89q8yDNdMsr/ANNVvI1cxhu7JRMjVPpTKcYvG/4/BVJ0uLI5k0SmQJ07+RqPZtcOkedHoxOkLSRZYKZ60vwSUh86DII484rk7g4sDwPsYkOFKTtqH8Vn8c6l10oAuDAjpTN5RUDG+486V5ClSHu9UJiZ8zQ41xTZkVpjLElbYQsAhSIkG0jjWgw+JbxKBIBB3HKk2Ox4dcMzcRUMo0tBRBtPHnSZx5Rt6YtR8hq8p7hxUXQdunSs1nGpRUCSY2HL0rdsKW8kJBECgnsDoX4wAgCSsx7UGH1LjKpdjHGqkjH5FlxUouLBDaBJJG/QUPmmK7xWrYbAchwpvmOdl8qCbNIHhHPqazybg16OPlJ8paGrcrL8vtKukU6yB0pWEnZZvSvBMyNupp5maAhtpQ+IRQ5Wn7fkRmlboM7TYBAMpqrBnwCisydCmkr5xQuFV4KkjbgkwILYvxo0rBpTicEorUTCU81GPYbmnWJUkmd+v7A/U286UOr1EnfqZj53NXYlS2U4YOLthIxbKQAUqdItvoR6x4j8qLwbxcbV92hKUkBOkEHmdyZHClDLZO1zzNgKY4Jelop6muydaOypRi6BscqVW2FDYlRSZBg2INENCZ96GzE+IeVdH4FYtySH2OxSX2UOW71MJNEYtWhrrArOZcsgxTXN3yoITsdzSXjpqK6AlGpUJVGVUyiAI8xSxZvR32uAhEcZmmzXwOknqi3NTqSD/etAYIkTR2YGPDzuPWl2GJuOtdjXsCluLQYydxyIo7BEEuNnYifal7CbmrA7pfHUEe9ZJWSuNyf4GePe+6cjimKTIRKxH5I96YZi7pbPmKrwLRU4CkXI2+dDD2xOi6jZpcqwAeICvhaAA8yLzV2WOBvvVqPEieibVZ2fJRhVLIuSpR9JH6Vl83zIfZwgbrJn3moYweWco+LoGKcpUMcBmIeX3m3iI9OFY7Hu6nFq5qNMcpKktqUDx+lKFV6OHGoydFmGKUmarKnikFQ/KDXMONrxAcbtrHiHWh8sMIP/AAoDJFEPj/lSnC+TJ4xtv7AuKY0BI4m9M8qdUr4uFKsY+SsmdjanGVv6kE8dvOm5L4bLMqCRi9EEkQTsbg+n61AsgLUU22IHn9RUe0GH8DZ5CTXjCisJXFwmD0AMA0iK9vJCpaiMctBJINWZRgCgualAhWw5CajlivvFAm9j51NPged5EA0idttIXF0BZswdIKYgE3/SleKe1IShM/mV50S5iipATIgqNBIWe8hPExFVY00tmR27H+RY9YAXq0pT8XX+afs4trEtupWRJSYBrKu4pJ+7T8KdwOfE0PiEOJRrEgcxU2T08cjvpmwlUqoXDwocHWKowu8c6YPYVTqUlpClKVuEib86LwXZfEQVKSlEQIUtMyfKa9BfpHrcWwrAMhDClkb/AEoHNApRQQSU8Kev5S4Ud0XEp0iTAJ9OE78K5nJym2sEadoP1m1IjCSfIRwld0A5fipa0Hhx5VQ+5bSnYf2VftRysIANAtvMj1n+3pVimV7BCiOu3mrn5UyMFHodCCW2CvuzvJHLio/oKouTtJ5cBRBYO9weKlC56JTwrwsxYiBvpF1HzpqHaOb6X+n9+dWhBMkXJ3Gw/g+tQSkixEnglPDzNXzG8eX9sK5oCSspw5hUHjNWYfAh3USfhTNEFnWRaDNja/veg31rbncTI9DS5RfgmcWpaLezrUu35UbnASpIWk3TKTQWXOaAo8hXYf8A01T+KlSTcrAk7lYq40crDSEKnbeoZZhUuKKVr0cjG55VoRlB0gJIVA8qLJlUXQ7I3aoT5ggq0wJVaprwJQjWE8YUORpjhmtD7WsQdQ3px3iC4+kAEFYPyqeWdxpICbbdGPwihrIPGaFxaz3oO21NMbgO7fgfCbjy5U1z3ApcwjGISBqbVoXHImBNNeeMXH76Nglyf4M3jXiUR1o/CKUglSRICb9JG9ButgKTqEpkSOlOUwll5QG8JFFNpKhUukkOsA+U5e4VWIQofWsDjgTp8qf4jNJwgbi5IB8hSfOGdIb8qX6aHCUm/LDw6mg/KP8AQKeMn51n1C8da1uUYcfZp4mkTjI74pIiDPymnY5rlIbCVNjLDABBA/J9DS3LP9SetH5YZaJ/2q+tX5FlmsFXUkDmaFyUVKxCbXJGXpvlcgDzqrtBl6WHi2kyIBvffhROWj4BzIpk5qWO15LMnRp8yw4CA7AIIhQjakCl6FAn8QI9Kes48h4skSlY48DWez52HSmx02BBqPAm3xf+Inq3QUpQDgMx4RB60xw7iXiSoEW0qjh771mnAo6Ss2tT5hPdaXwJbHhV15K96LLGl9zFEnjctaZRoErWrYqtpHlzrPM+HUvlYeZp1gsM/ilqWkeGSStUhAGwGriegprhOzzLY+9PemZIiE+3H1p2HHJL3GxTbZlcmy151RUhPhvKzZPW/E9BWzwjaW2u7KtQ0SCRZU9BtBtVuKxnh0J8I4RaPIClDzxk8LgJ5ciI4AinSxp9lCgm7Yy+23TAA8ERwi+yudqH+1Hnud+fQ8/5pepz2j2P+aj3n0v+9bQYecSbnl7jl/elS+0n5f00sLtuv1r3vDYz/NbQLDFmd+U70Pr9PT51S67NxtNv1qlb1/LaiQIYp3rMDfevEpTEaRfimx9TxoNTp29f7yqQe9+h4eddRtIuVhRfSqBy+GfXjQrrJTYjT/xTM/8Akf0q8Yj+BUkuDY7dKyjqBUqOwChxuY/apraCxcGOhH7GrHcMozpj2B+Ugg0JoIMGB5SmuBpAqkkSnmatxK9ISOW9XPs2JAUSOM6tuFzSx17w33pTjsU8e9HrrMSes0+axSkNApJExSZCtTfpWqwOFSEs6gCJE1Pnkktg7ffgE+2/hcTveD+hqaBpOtJlJ3HGqs+jv7bbVHEyiFD1FKStL7gsPxjfeIkfEm4PTjUMqZUll9LtgtBUgcLfrtVGEx4mOdCP5iovKSqyUpISOY50P05Ncf5Njp2L8QmfrTDGrhhA/MSfYRQZsR1B+YqyQrQJuAB7m9UvwB4OagHQRPhkecUJn+yPb9ai/iSlZUOBortNdLao+K/yo46mg8cWpJjfLbYMHp+tLszaCVuuRYtpjzNvpTHAj/sP/A/ImlvaJ/7locwD7Cp8VvI6+WHT5HmTN/dXsPFfzNO8uxBaTDcJg+ZPnSvJE/dIETur52q+TcHeuyrk2hf72ZrF3cKiZo/AL8SDQWZtkKA4GmeBR4SeSaom1wRVkfRHHvnvCQb0ucYURrgxME1epe59KuyfFSXGlbKuB1Fck4q0Kja2eBBOgHrWwwrMNpS4mUm+gxw2n9qzGXu6FBQGpQJhPAcJJ5jei155GqPFB4mx5kHj+tascZO34GYoWaheYwnTBHJI2Fvyihcfj0pSJ3PDjHM2286yzubqdM6tPl+9CurDvhW9pE32PwgxuRII+dOTG8B87jEkagbftvbh5UK5jkKT0/vzpTh8SEg/i239h8qHU9PzorOcRr9pHPoa8Vih+bpSpTk1WU+dYdQ3Q/YmRb9a978gjpSiDUu8POuBoat4jgTYH61Qt2/SgUunnvXinTRJmUG971qxLtt+lLO9r3va42hiHB+le99S4PVL7RXHUxojFkcfOijipsYI6jakaXelWJd6/wCaw2h80w2fhcI6K6jhypJmmVOoGoIKkfmT4gPONqkh40VhcxUgggkcv81lHUrFeXGUkcq0uJzMdwlIBCgBBodL7Th8TadR3Ujwk+fAn0rx7DoNkuRw8Q9rpqfLi5NMTKErbRShwq0k78aNzAEgWtzFTwuSrIGlbZ66t/SJpkzl7rZOpSSFD4YJj1qebpjF6PLNe2LMuwySJFoqbjIUrVsqPetAxlCUzOpXMSEifSTFTSW0fChAI2MAx6ma55UU4/6Xmap6ETeXOrgpTb8x8Kfc7+lGYPJAgkrdB6JH/wClftRLuKm5JP8AeVBPYma55X4KV/T8OJe98ixbOGSYDQXB/GSqeVrCqc0wpxA7ptI7wFJCQIF7enOqUuS4hJ3UfkNzRuUNqQ+4+o6UE2M7xx8qxyklyvfgh9RkhyUYpKhojKCzh+4K0qXpIJAsCeHWgWcoaWhtL5V4Bsn8XSeVO3QVEmT4h86VYzHltB0wSTpnlUmKc5ed2T5O7QJl6QFkCyRYV4TLhHSvcFckjrUUjxn2qnyxETNZkLJNaTA4cfZnFdAKQ49vwDoaf4dQ+zlM3JHyp2V+xV8lEmICIAnnVSz9+AOf1q7MXAIHCr8blyUKacQoqQrjyNOUku/IMdbYwwuFAJHSg3gCVHTt/eFM8tWFgnp9KXDdY86mhJ8mbycVaF32SwKTvPyqtWGje9HYRMpPQk00R2eJ7tYXKFiVDkelPlmUXsZHOv3GdW3afSqxt0505fydJKtBsJ3+k0EMMtBCgAekSCKOOWLGqSl0ALVeuDlOkYBl/wCH7lz8pukzy/ig8Tk7jYJUJA4pvP7U60d9gMOV5rqsiurjqJhyuKqrria0yiU101GumuOPZrzVXleVpxMGpByq69rji5DtWJfJ/mhZrtVcdQe0+Bfl6VaMbHXz5UtSam2JIkTQs1dm27O4qUkGBenGKxUbG0etI8oYsncmLiPpV+NeSDcgD3rxcqUsh9Nif08CPMRiyriPr9KCccJuD8jXiiIt7/4iqwgmmJJEuXOehBMmZr1vCFRj68Yq1lwiRJkb0pW4Q6TJkSaZGLkeH6j1km2kHYdgFZdJjQ2YTyImaAybGEr7x06kiUhB2UTeIpst7vsOtaEfeKTB6xyrL4l3SpCRsiPU7mnYlzTT/BLFOT2bjKcz75IXEQSCnlBtVebYYQoDioKqOWrQhpBEAHc+ZmaOx4Gmf7zqB+3JroJbiK8AmAfWvFJgnz/SptLAgczVmKEG28mnN+4XFaEaWwRBq9tVyOAFSYRImopNz7U27sZJCrOhEUxyLHpUyplQEpuk0vz7cVPL8kxB0uJTA6m8U9qLxLk6CcVx2MchcgKB5muxA8QPMRPlUnmigiRHOuWZT5Gp/wB3IHtAuWokrT1pu9mBawlrmSkdKDyJH3rhOwojFaFYVQ4lwx712RpzV/YUlsJyRmcItZ3g0jzFB0gCZJ4U1yVxRw5b2E3rsTikt2QOpUd/Sgi2pv8AI2tgDeAeCAStCOrh28hU2M0UiUuaXBE6kKm3rQKctXiCpZkncA8qEYwsaiDaCKrhryMfJLseOZeziBrbVBPGPkpNJcdla2vigTsZsfLnRuUghuxver8bmC1o7ooCioRq5dY50SyboLn4M8tsjlVdPsVhW/CFA6gLxQT2B8RHEfOdjTMeVSCloW3rpopxgg3j6f4qhSeFMswuRgHSkLDaik7GDB9a9/6c9E90uOcGtHkTq/s6APhBVY85NEpBKuh4VDL1UlJqkOWNUYxbZBggg8iIqM19IxmQ/aGwkCHQCpJO3kTyP1r56+2UqKVCCDBB4HiKdg9THKvuBKPEpiug16am2aosA5llSlJSBJUQB5kxTL/pbjLgS6ggSBPA+R9qedgsFLinykENjSmfzKFz6D61sHkICSlaSsHhG5ry/U+v4ZOCV/JTix6UmIMGjQDFUYhMm/zE/wAij8W0UXIgHgbmP1FCvVPCVvkfQXHJjXEWBiDai3GwEDnM1yxf+/31q7DGxASFcgaOUvJ4/rfTNr2gaE+JXWg/+nkqUqRA3EwaffYCRrTw+IftSpeF1OJH5in2BpmPKndM8XJBxdMnjyWGmwLaQVnrOw9azOZhK/vkCAr4k/lP7GnPbfFDUEDoT6bUgwJOsJAnVYp5zVXp4+xT8h440uQ9yxRUymfTrBp13xUgDjStlWl0MxCQjw9TxpmcOU7iJqTNV2ZDtg6MPJBnar8UnxgcqKYb8FeYtH3htwpPO5GqNCXvAkQlBqsu9KqGdhU+HnQi8wsTta1WLHLyiqkyoYZxbklBUJonE5gr4dS0EbA2r3C5zA8QNuIqrE5klap0FRplScvctHOMaCBjVKSJVNuNTYcmeopZhlkBQIIojAuALAma6UKTon41IbhYCCJgqInyoZ1hSgEJ4LqD5lUA2FEYZzbxaZm9J6VmKFMLcACQQbDfz61Tl+FQ6kqVe8elWfZ/D4HAsncTWyyPAMIbBIGpYuKmyTUIlKikYTFOltzwT4RA8qji3GgkBJlatx51rccMOgKAbAF5UBNZdeWIbb70jUCbHjTcc0+1/wCmSVohhEANq6D60NhnFJGo2imeAeStC2kpMGJP80vx+GSVKRJCkpnpaji9tMzHj8i/HYoqMgU0+xrWwl+LA6SfOY+dqWZcStSUD8RAA86+ld2wGfsyyAkCD5niPW9dnz/RlFJf6GcOSPnLyOl+XPmKCW3y24dKd4xnSotqspJiRtO4I6Ef21CPNQFEjz869FU1aJba0NOz2I0spMSBqiOcmneDw+sgq0ydhxqzIcuDbLaTGpaAo8wTe3LfaisLobWtZVq5gxY85r5/NlUpScT0YqkglTBQjUkp7wfDc36Gs92jyRWIb7/RoxAsR+FYGw/5cj6U/XimVGZB34x7dKjhswF7eFW07bcDSME8mN813/mgppNUfJ3Go4EHaDYgjcEcDXJT8q23afLWnwXGljvuI2Cxwk/mHP3rGo4pUCCJF+fWvocGdZYX5+CKcHE2WQOFvDITpF5UozB8fCB0ijE5sgEJUSUgCJuT09KWYbKlFpter4kggC3CgltrE9DE7+teY8UJybKrpJGhxbiVkHX6eXChCCN9j8v4pMh5RsIgc7TG9RwQc1kog7iCfpTI4uK7GYc0scrQ6MGvGiQf7NeFtaUpKhE+onzqRNC0es3HLC0NsLmOpQQRwsRuennQxWgvKWn8KYg86GQtMEKkCNxuI4ik+BxWrWRvJ9YFjS4Ye2jwvVY60A49lReU6sSJsPLamGTs6QvGPQncIB9pj6ULkLTjytKpUBc0R2ixJWUM934BZIHE8zVsm21j/v8AgkkrXFEMtzALJAB8JJCjuZ3HSniUGJmSb1jBiO6WEp2Sb9Txra4NwaAeX03pXqYcaaMUaaoPZa8I86pxTcnUDNqOy1vVoniZnhVGaICZE7Ex6V50ZXOg5xo+b4fBqPQT60diclUIuI48xV2DwLqVkvko0nawv+1OnVJWTpGpZG0zfyFe3LI+0xlbooXl7SAiU6gQCb70Sy03qAZbAXwHTpVv/T1FpGsFKgIII/WrWcjUrSr4Y41DzvthyWhbjMsUpwpCExvI67gmp4LIGQtJSolQ+NMyD5cqaYrI1uEAvwkHYDeqU4FGEUFatWowbyfaueSTjSf8GKjUYHCNq0t92kDnAilPaXsUAStskjfT+3SmWX5iCQQRFrU8xGcC03FSQnOLtBuKZ88+wJCkwADANhsdr0ZisHqSSHZUngLRztWpxWDS4krZIbWbmRuB0pL/APH+8QdToCiTdNv80z66buRyhozSsQtsHWyohyN7W51HGYoEJbS2pKRe/E1oxkLunS4srQNiN4rzG5WGQgJGpKhJCiT7U1Z8blS7M4OrE+XqDcLKABMKk7jy515mGCbgrTKQ5bmQONNPsaVyk7JE02yvK2lajJCkp1AKuLcOldlyKLvyZGzIM9nWmgh5C1KE2m21Ni0FgKUICTdStz6cqsznGStAKQEgE2g7UkOL1atRICpily55HbYa0GZjg2nEnQoAjiLzPA/XpWfxGEUClDg8JKQVDYibwfKaLw6Sg2UTPCqMxxykhSFzHLl0qzBOUPYtoXPGm7G+Z58glXd8ZCOg50mxebHToMfSepoHCYYrEyABwqpaJJF5muh6fHHQfJjJOZnSUykzvPLzolePOgJtpG1zSZnBydPGKvdy8piCT06VsseOzVJjDCKtq3BmTNhXY3CsqA1XPNG48yfpVWHfKPwg+ewopzEOL+7tB3gAE+tK2pWgqTRa1iiopSlQ0IAAB2AAt5mvFBCoIUZJuAL1MYdTZEHwqOxjh+lTfaTfuk/Dc3m55Uu1eguPyVYnLUgiQdJ4EyR7Wq3A5aQAEphIvq40SnAlxKDGm4kniRwFMcZiQ23Jg8LWk9eVJlllqK2EkC4zEJCUoBSuZmN/4pc62U846/Q9aDVjklRXo0mfSOnOiVY6YlQPCOEdRToxcNUNx5XA5fMUvbaCUuabkyIHM8KcYtCUFEqCdYkA7eU8D50Fjv8At5XbxGUTzgT7H60yLb68ivWcZJSiXDThmSylcPOJlR5A8KFxPeNsmIJAMHl186jlyA4Sv417qWdk+U0LjsSsWSqRMlXPoKZCDv7+SJJJAeB7O4hxOsAJSbgqMT5DetT2cy50DulxIMTNqTs5o7pSdUc+VjtRq85KikGQAIMHeJ299q3P9Sa4nUbbL8EULCSdSUJuoC0zSftOiFKgRP61d2PzxK/unl7GQpROnpI59TVnaQhWlUgk6hb/AGnevHhiyQ9R7gpvkZrtlgsRiHVLUnQkbA8hzItWm7G5SltlJTeRKlDj60/ZbS8iFOpH4VwJi21LGGFkFtCdCEWmY1Rtpirfq8sahdIJp2MnXEgRqEcf2NfPs37XradW0lIsbHeU8K07zJ1EhB4yIO9Z3NWPF4mdBjcQD7caLAoKW9gtNi5rPlqhfeEf7QDc0w7O5d9oxJXikKDWkgXiSelCYULRHiEybRb/ADFOsrwX2opCnFIOqChJABHnvT5tJOtHJF2L7P8AcYkNNvWWnUgRMDjJ6USvL8S149CXki9jB/8AU/pXnaDLnGVJXhld6tPh0G40/ofWqk5/mATqThANG+sz7AGoZ/V1xr72PjxfYLi+0yQCSClY/Bz6RUMdnHesJUphwKBspBgJP60zyDENvPKGLSlbhvDabpHDUYtBrXNMJkDR9OVpo55VjVOOwErejCZB2qA0pVrKuRuT7U8znMA+1ZpaHUglIMTcc+Rpq/kyFHwhtKwPj03pZmj72Fb1FAVA8Shz6jgKkjjwZMyydMbKclCqM+cU4tCErShpKISY3J63vRx1m6ioTM3G1IzrdJe7pQQqNawPDq/2nga1HZDHNLcc70jS2AEpVuZ+Iq51T6j2JySFRTZj8e2ltzu0qJSoc52NCZi062YN0nYxW1xTWHQ6txtKU6jaQNulKM4W46O7SEqCrA7QeEztVWNNpM0xLuPUD8PqLetDPqUo6lajPFXGKOw2R4tboQGyF3nVATbjJtFbprs7hWm9Tup5wATB3PJKRwqmeWGOq2ClfZ89YWlJm8fSjEhuN/F1p6nPVK1t/ZAhsEgaUXB5KPGkicjxHfdwpopJM6pkAG4Mje3ChUuX6tfyaEMPtBuJ+8k3o/L8SlQBX4bf+37UQOzWEQgkKecVsSLX8oqGU9mXTqLiu7bEwVEAnkdO9JfCSdGuSXYf9kYKEjX4r+pP6UvYZKFKAbKjwJG0cqvXmWCZOkturUmRrULT/tiq3O0behcJWg7JuDc/SlrFk+NMD6y8EcEoiS6dKRMEiTJ4HlTbLMAgJK1CeR2J61X2J7OrxrZdWsoSklIUq4URx0+dRzLGLwiy1iFDc6VJHhIHEHn0pWWEm2o9jYyT7CMS+FAJXCQmYAG48+de4XAtqb1LUq8hOq56elK15g26AlErcV+W5jpypph2nm29a0gJAslR8Q9uNJlBxXwMUgNzJGvicdKo5DaOFeYnL2UN6xMR4dpM7UXhszbUZUNMjjIn05VRmOpamyjQEAyBO+kWEcb0yMcre7MeRIlh+z/foUnvB4AJBEnVEwDtArPdpMhbYbH3i3VzYJEJjj1FaTszjF6Spc6ipUg2/EayPbAd2+S06ohfiIKphXmeFP8ATSn9Zwv8A5Ye3kCqxqtKEgaByFhV4QCNJP79aV4d/WYVE8DtTFtFwI9avmuJP2EJYsEgTAt0868LV9o6T9Dzq9JtAATvfn50I+2rfUbXtuPalR7Na0SZdS2lKp8R+FO/yq7FZkE+CSVcatyXBpeKlPoeSv8A+tQTZIA3233pWrBABaVglYUfFzHA0zlBuvgziz6jlOKfQ64yQ2fF4lCZMjlFZrNsa4p1QCiNRKRcjSEnhBryurzYRSn/AAPvQOrtI82kJbWoFKtJUTJPPfhU8R2qeWmFpbWCJGpP1Ar2uqtYoUtCvI4yTD4bGNmG1tObEpVKfRJ4V4MmOFWqXCoiYi1j+sV1dUeSTU3HwFQYwrePOiF4kpryuoFtmvQEgw7rQSjUmFBNtV+PS5rToxigkERATYRt611dS8+2gkWLxPdSu5lJO95Ee+9eLzJDhCAFeIQSqDwmva6hjijw5HN+4W51ilYVjU3BBJgG0cJgWms1lzhxGp50J1FVlJEK9T6V1dTMbr07ku7NjvJTPf8A468spV36QhS1A+E6gBe14JqQwOF1Ja0uFVjrKpm/FO0dK6urXlnLTZzikyrNcWppMaishRQQqI2m3IcKX5XmDrr4YKW0gzcTYDlzPnXV1VYYp422DJ7DH1PtOLYQpKlqAJUoEC4nhPAb1ncrxmLfe0IcSg78YEGLca9rqdClFvyA0tDLF5wtj7sEd4kwpwC8qO6RNqj3iiFFSiTq0+Z4E+9dXU2KXFMmmCYnE6LLQlRvBE2A86XuMFRSq2kxaurqLpHI2eWdrdKPsqWyhKRuk7xvTLHYFGLw6m1ixBWk7FJjfjXV1eb6j2PlHsrSCuzuGYbS2hLKQQ2PFAk85VvvSHP+1LaMSphTatCDfSRKlRI3/DXV1bixxnmuW9WY20tF2Hy1KwHFm7gCrbplNgJ4Cov9mmkoCg47J2kggEcQIryuoJZZqVJjowi47NBlWSpdY+8MrSLkbEyd+JmL1me1OXMuMq0oCCkkjSIvXV1DGcvqJ35MS7R81wqJWkcyK1WXYIuuNtAxrVpk8Ovyrq6vY9R/0Sw7NnluGYYKW+4S4TMrcAUbcQDYdBTB3GsJs213agFSpKUfTj711dXlNtsqaVGMzvEYnWlKHQO8VpG4gxOwG1EdmOx63HHC694U2VpnUo+tgK6urfVZJYsFw0BH3S2f/9k=\" style=\"border-style:solid; border-width:2px; height:250px; width:500px\" /></p>\r\n\r\n<p><span style=\"font-size:20px\"><strong><span style=\"background-color:#FFF0F5\">อันดับที่ 7&nbsp;ปลาทรงเครื่อง</span></strong></span><br />\r\n<span style=\"font-size:18px\"><span style=\"background-color:#E6E6FA\">ปลาทรงเครื่อง ปลาน้ำจืดชนิดหนึ่ง มีชื่อวิทยาศาสตร์ว่า Epalzeorhynchos bicolor อยู่ในวงศ์ปลาตะเพียน (Cyprinidae) มีรูปร่างคล้ายปลากาดำ (E. chrysophekadion) ซึ่งเป็นปลาในวงศ์และสกุลเดียวกัน แต่มีรูปร่างที่เพรียวยาว มีขนาดเล็กกว่ามาก สีลำตัวสีแดงอ่อน ครีบหางสีแดงเข้ม มีขนาดโตเต็มที่ไม่เกิน 12 เซนติเมตร พบเฉพาะในประเทศไทยเท่านั้น บริเวณแม่น้ำเจ้าพระยาตอนบน ปัจจุบันเชื่อว่า สูญพันธุ์ไปแล้วจากธรรมชาติ (Extinct in the Wild) เนื่องจากถูกคุกคามถิ่นที่อยู่อาศัยและถูกจับไปเป็นปลาสวยงาม ซึ่งปลาที่ขายกันในตลาดปลาสวยงามเป็นปลาที่เกิดจากการผสมเทียมทั้งสิ้น ปลาทรงเครื่อง ยังมีชื่อเรียกอื่น ๆ อีกในวงการปลาสวยงาม เช่น &quot;ฉลามทรงเครื่อง&quot; หรือ &quot;หมูทรงเครื่อง&quot; เป็นต้น</span></span></p>\r\n\r\n<hr />\r\n<p style=\"text-align:center\"><img alt=\"ผลการค้นหารูปภาพสำหรับ ปลากระทิงไฟ\" src=\"https://encrypted-tbn0.gstatic.com/images?q=tbn:ANd9GcQYVqJ-dsAbJH-GiPEUHE3oVjIi99uCPivn7zVOFczn45CsKltcXg\" style=\"border-style:solid; border-width:2px; height:250px; width:500px\" /></p>\r\n\r\n<p><span style=\"font-size:20px\"><strong><span style=\"background-color:#FFF0F5\">อันดับที่ 6&nbsp;ปลากระทิงไฟ</span></strong></span><br />\r\n<span style=\"font-size:18px\"><span style=\"background-color:#E6E6FA\">ปลากระทิงไฟ (อังกฤษ: Fire spiny eel) ปลาน้ำจืดพื้นเมืองของไทยชนิดหนึ่ง มีชื่อวิทยาศาสตร์ว่า Mastacembelus erythrotaenia อยู่ในวงศ์ปลากระทิง (Mastacembelidae) มีรูปร่างเหมือนปลาในวงศ์นี้ทั่วไป กล่าวคือ รูปร่างยาวคล้ายงูหรือปลาไหล แต่ท้ายลำตัวส่วนที่อยู่ค่อนไปทางหางจะมีลักษณะแบนข้าง และส่วนหัวหรือปลายปากจะยื่นยาวและแหลม จะงอยปากล่างจะยื่นยาวกว่าจะงอยปากบน ตามีขนาดเล็ก ครีบหลัง ครีบทวาร และหางจะเชื่อมต่อติดกันเป็นครีบเดียว โดยครีบหลังตอนหน้าจะมีขนาดเล็กมากและลักษณะเป็นหยักคล้ายกับฟันเลื่อย หากไม่สังเกตจะมองไม่เห็น โดยปลายหางมีลักษณะมนโค้ง ปลายค่อนข้างแหลม ไม่มีหนามใต้ตาเช่นปลากระทิงชนิดอื่น ๆ มีหนามแหลมขนาดเล็กตลอดทั้งความยาวลำตัวช่วงบนไว้เพื่อป้องกันตัว ปลากระทิงไฟจะมีรูปร่างป้อมแต่มีขนาดยาวกว่าปลากระทิง (M. armatus) ซึ่งเป็นปลาที่อยู่ในสกุลเดียวกัน มีขนาดเมื่อโตเต็มที่ประมาณ 60 เซนติเมตร พบใหญ่ที่สุดถึง 1 เมตร พบได้ในภูมิภาคเอเชียตะวันออกเฉียงใต้ทุกประเทศจนถึงอินโดนีเซีย สำหรับในประเทศไทยพบได้ในแหล่งน้ำขนาดใหญ่ในภาคกลางและภาคใต้</span></span></p>\r\n\r\n<hr />\r\n<p style=\"text-align: center;\"><img alt=\"ผลการค้นหารูปภาพสำหรับ ปลาฉลามหางไหม้\" src=\"http://www.siamensis.org/sites/default/files/imagecache/webboard_preview/balantiocheilos_melanopteru.jpg\" style=\"border-style:solid; border-width:2px; height:250px; width:500px\" /></p>\r\n\r\n<p><span style=\"font-size:20px\"><strong><span style=\"background-color:#FFF0F5\">อันดับที่ 5&nbsp;ปลาฉลามหางไหม้</span></strong></span><br />\r\n<span style=\"font-size:18px\"><span style=\"background-color:#E6E6FA\">ปลาหางไหม้ (อังกฤษ: Bala shark) ปลาน้ำจืดชนิดหนึ่งมีชื่อวิทยาศาสตร์ว่า Balantiocheilus ambusticauda ในวงศ์ปลาตะเพียน (Cyprinidae) วงศ์ย่อย Cyprininae - Systomini มีรูปร่างคล้ายปลาตามิน (Amblyrhynchichthys truncatus) มีรูปร่างและทรวดทรงที่เพรียวยาว ตาโต ปากเล็ก ขยับปากอยู่ตลอดเวลา ใต้คางมีแผ่นหนังเป็นถุงเปิดออกด้านท้าย ลำตัวแบนข้างเล็กน้อย เกล็ดมีขนาดเล็กสัดส่วนของครีบทุกครีบเหมาะสมกับลำตัว โดยเฉพาะครีบหางซึ่งเว้าเป็นแฉกลึก สีของลำตัวเป็นสีเงินแวววาว ด้านหลังสีเขียวปนเทา ครีบหลัง ครีบท้อง ครีบก้นและครีบหาง สีส้มแดงและขอบเป็นแถบดำ อันเป็นที่มาของชื่อ ว่ายน้ำได้ปราดเปรียวมาก และกระโดดขึ้นได้สูงจากน้ำมาก มีขนาดโตเต็มที่ไม่เกิน 20 เซนติเมตร นิยมอยู่เป็นฝูง หากินตามใต้พื้นน้ำ ในอดีตพบชุกชุมในเขตที่ราบลุ่มแม่น้ำเจ้าพระยา ในประเทศไทย ในต่างประเทศพบได้ที่เกาะบอร์เนียว ประเทศอินโดนีเซีย (ปลาที่พบในอินโดนีเซียสีของครีบหางจะออกเหลืองสดกว่า) แต่สถานภาพในปัจจุบัน ในประเทศไทยได้สูญพันธุ์ไปแล้วจากธรรมชาติ ในอินโดนีเซียก็ใกล้จะสูญพันธุ์เช่นกัน</span></span></p>\r\n\r\n<hr />\r\n<p style=\"text-align: center;\"><img alt=\"ผลการค้นหารูปภาพสำหรับ ปลากระดี่มุก\" src=\"https://encrypted-tbn0.gstatic.com/images?q=tbn:ANd9GcTx5XpfcfDzBYOvQgRwLG4f8TBNgc178g7_n4dlY2dT3B0uG_w8\" style=\"border-style:solid; border-width:2px; height:250px; width:500px\" /></p>\r\n\r\n<p><span style=\"font-size:20px\"><strong><span style=\"background-color:#FFF0F5\">อันดับที่ 4&nbsp;ปลากระดี่มุก</span></strong></span><br />\r\n<span style=\"font-size:18px\"><span style=\"background-color:#E6E6FA\">ปลากระดี่มุก ปลาน้ำจืดชนิดหนึ่ง มีชื่อวิทยาศาสตร์ว่า Trichogaster leeri ในวงศ์ปลากัด ปลากระดี่ (Osphronemidae) มีรูปร่างคล้ายปลากระดี่หม้อ (T. trichopterus) ซึ่งเป็นปลาที่อยู่ในสกุลเดียวกัน แต่กระดี่มุกมีลำตัวกว้างกว่าเล็กน้อย ครีบหลัง ครีบหาง และครีบก้นมีขนาดใหญ่และมีก้านครีบอ่อนยาวเป็นเส้นริ้ว ลำตัวสีเงินจาง มีแถบสีดำจางพาดยาวไปถึงโคนครีบหาง ท้องมีสีส้มหรือสีจาง และมีจุดกลมสีเงินมุกหรือสีฟ้าเหลือบกระจายไปทั่ว อันเป็นที่มาของชื่อ &quot;กระดี่มุก&quot; ครีบท้องเป็นสีส้มสดหรือสีเหลือง มีความยาวเต็มที่เฉลี่ย 10-12 เซนติเมตร มีพฤติกรรมมักอาศัยอยู่เป็นคู่หรือกลุ่มเล็ก ๆ ในแหล่งน้ำที่มีค่าของน้ำมีความเป็นกรดต่ำกว่าค่าของน้ำปกติ (ต่ำกว่า 7.0) เช่น ในป่าพรุ เป็นต้น เป็นปลาจำพวกปลากระดี่ที่พบในธรรมชาติได้น้อยที่สุดในประเทศไทย โดยจะพบในเฉพาะพื้นที่ภาคกลางและภาคใต้ตอนล่างเท่านั้น นิยมเลี้ยงเป็นปลาตู้สวยงาม โดยเฉพาะในตู้ไม้น้ำ</span></span></p>\r\n\r\n<hr />\r\n<p style=\"text-align: center;\"><img alt=\"ผลการค้นหารูปภาพสำหรับ ปลากัดไทย\" src=\"http://www.rook100.com/webboard/index.php?action=dlattach;topic=47.0;attach=15763;image\" style=\"border-style:solid; border-width:2px; height:250px; width:500px\" /></p>\r\n\r\n<p><span style=\"font-size:20px\"><strong><span style=\"background-color:#FFF0F5\">อันดับที่ 3&nbsp;ปลากัดไทย</span></strong></span><br />\r\n<span style=\"font-size:18px\"><span style=\"background-color:#E6E6FA\">ปลากัดภาคกลาง หรือที่นิยมเรียกสั้น ๆ ว่า ปลากัด เป็นปลาน้ำจืดขนาดเล็ก มีชื่อวิทยาศาสตร์ว่า Betta splendens อยู่ในวงศ์ Macropodinae ซึ่งอยู่ในวงศ์ใหญ่ Osphronemidae มีรูปร่างเพรียวยาวและแบนข้าง หัวมีขนาดเล็ก ครีบก้นยาวจรดครีบหาง หางแบนกลม มีอวัยวะช่วยหายใจบนผิวน้ำได้โดยใช้ปากฮุบอากาศโดยไม่ต้องผ่านเหงือกเหมือนปลาทั่วไป เกล็ดสากเป็นแบบ Ctenoid ปกคลุมจนถึงหัว ริมฝีปากหนา ตาโต ครีบอกคู่แรกยาวใช้สำหรับสัมผัส ปลาตัวผู้มีสีน้ำตาลเหลือบแดงและน้ำเงินหรือเขียว ครีบสีแดงและมีแถบสีเหลืองประ ในขณะที่ปลาตัวเมียสีจะซีดอ่อนและมีขนาดลำตัวที่เล็กกว่ามากจนเห็นได้ชัด ขนาดโตเต็มที่ประมาณ 6 เซนติเมตร พบกระจายอยู่ทั่วไปในแหล่งน้ำนิ่งที่มีขนาดตื้นพื้นที่เล็กทั้งในภาคกลางและภาคเหนือในประเทศไทยเท่านั้น สถานะปัจจุบันในธรรมชาติถูกคุกคามจากสภาพแวดล้อมที่เปลี่ยนไปและสารเคมีที่ตกค้าง มีพฤติกรรมชอบอยู่ตัวเดียวในอาณาบริเวณแคบ ๆ เพราะดุร้ายก้าวร้าวมากในปลาชนิดเดียวกัน ตัวผู้เมื่อพบกันจะพองตัว พองเหงือก เบ่งสีเข้ากัดกัน ซึ่งในบางครั้งอาจกัดได้จนถึงตาย เมื่อผสมพันธุ์ ตัวผู้จะเป็นฝ่ายก่อหวอดติดกับวัสดุต่าง ๆ เหนือผิวน้ำ ไข่ใช้เวลาฟัก 2 วัน โดยที่ปลาตัวผู้จะเป็นฝ่ายดูแลไข่และตัวอ่อนเอง โดยไม่ให้ปลาตัวเมียเข้ามาเกี่ยวข้องด้วย</span></span></p>\r\n\r\n<hr />\r\n<p style=\"text-align: center;\"><img alt=\"ผลการค้นหารูปภาพสำหรับ ปลาเสือตอ\" src=\"http://aqua.c1ub.net/forum/index.php?action=dlattach;topic=127893.0;attach=68357\" style=\"border-style:solid; border-width:2px; height:250px; width:500px\" /></p>\r\n\r\n<p><span style=\"font-size:20px\"><strong><span style=\"background-color:#FFF0F5\">อันดับที่ 2&nbsp;ปลาเสือตอ</span></strong></span><br />\r\n<span style=\"font-size:18px\"><span style=\"background-color:#E6E6FA\">ปลาเสือตอลายใหญ่ (อังกฤษ: Siamese tigerfish) เป็นปลาน้ำจืดชนิดหนึ่ง มีชื่อวิทยาศาสตร์ว่า Datnioides pulcher เป็นปลาที่อยู่ในวงศ์ปลาเสือตอ (Datnioididae) มีรูปร่างแบนข้าง ปากยาวสามารถยืดได้ ครีบก้นเล็กมีก้านครีบแข็ง 3 ชิ้น ครีบหลังแบ่งเป็น 2 ตอน ตอนแรกเป็นก้านครีบแข็งมีเงี่ยง 13 ชิ้น ตอนหลังเป็นครีบอ่อน พื้นลำตัวสีเหลืองน้ำตาลจนถึงสีส้มอมดำ มีแถบสีดำคาดขวางลำตัวในแนวเฉียงรวมทั้งสิ้นประมาณ 5-6 แถบ หรือ 7 แถบ ส่วนหัวมีลักษณะลาดเอียงมาก เกล็ดเป็นแบบสาก (Ctenoid) มีลักษณะนิสัยอยู่เป็นฝูงเล็ก ๆ ใต้น้ำ โดยมักจะอาศัยบริเวณใกล้ตอไม้หรือโพรงหินด้วยการอยู่ลอยตัวอยู่นิ่งๆ หัวทิ่มลงเล็กน้อย หากินในเวลากลางคืน โดยกินอาหารแบบฉกงับ อาหารได้แก่ สัตว์น้ำขนาดเล็กและแมลงต่างๆ มีขนาดลำตัวโตสุดประมาณ 40 เซนติเมตร หนักถึง 7 กิโลกรัม อาศัยอยู่ตามแม่น้ำสายใหญ่ในภาคกลางของประเทศไทย เช่น แม่น้ำเจ้าพระยา, แม่น้ำแม่กลอง, แม่น้ำท่าจีน ในภาคอีสานเช่น แม่น้ำโขงและสาขา ต่างประเทศพบที่กัมพูชาและเวียดนาม โดยเฉพาะทื่บึงบอระเพ็ดเป็นที่ขึ้นชื่อมากเพราะมีรสชาติอร่อย กล่าวกันว่า ใครไปถึงบึงบอระเพ็ดแล้ว ไม่ได้กินเสือตอ ถือว่าไปไม่ถึง แต่ปัจจุบัน ไม่มีรายงานการพบมานานแล้ว จนเชื่อว่าสูญพันธุ์จากธรรมชาติแล้วในประเทศไทย</span></span></p>\r\n\r\n<hr />\r\n<p style=\"text-align: center;\"><img alt=\"ผลการค้นหารูปภาพสำหรับ ปลาตะพัด\" src=\"https://encrypted-tbn0.gstatic.com/images?q=tbn:ANd9GcTXukAZ64C7ucoVu-4NnyuT3cBvi0XYWd2LodfTTlsCjDYrGfNo6Q\" style=\"border-style:solid; border-width:2px; height:250px; width:500px\" /></p>\r\n\r\n<p><span style=\"font-size:20px\"><strong><span style=\"background-color:#FFF0F5\">อันดับที่ 1&nbsp;ปลาตะพัด หรือ ปลามังกร</span></strong></span><br />\r\n<span style=\"font-size:18px\"><span style=\"background-color:#E6E6FA\">ปลาตะพัด หรือที่นิยมเรียกว่า อะโรวาน่า เป็นปลาน้ำจืดชนิดหนึ่ง ที่มีการสืบสายพันธุ์มาจากปลาในยุคก่อนประวัติศาสตร์ มีชื่อภาษาอังกฤษว่า Arowana (อะโรวาน่า) หรือ Arawana (อะราวาน่า) มีชื่อวิทยาศาสตร์ว่า Scleropages formosus อยู่ในวงศ์ปลาตะพัด (Osteoglossidae) นับว่าเป็นปลาที่ใกล้สูญพันธุ์ในธรรมชาติ เนื่องจากเป็นปลาที่สืบพันธุ์ยาก ประกอบกับแหล่งที่อยู่ถูกทำลายไปได้รับความนิยมอย่างสูงของนักเลี้ยงปลาตู้ ในฐานะของปลาสวยงาม ราคาแพง สำหรับชื่อ &quot;ตะพัด&quot; เป็นชื่อที่เรียกกันในภาคตะวันออก แถบจังหวัดจันทบุรีและตราด ในภาคใต้จังหวัดสุราษฎร์ธานีจะเรียกปลาชนิดนี้ว่า &quot;หางเข้&quot; ถูกค้นพบเป็นทางการครั้งแรกในประเทศไทยเมื่อปี พ.ศ. 2474 ตามรายงานของสมิธที่ลำน้ำเขาสมิง จังหวัดตราด โดยระบุว่าในขณะนั้น ปลาตะพัดเป็นปลาที่พบได้ทั่วไปในแม่น้ำลำคลองในภาคตะวันออก ไข่มีลักษณะสีส้มลูกกลมใหญ่ ฟักไข่ในปาก เนื้อมีรสชาติอร่อย นิยมใช้ทำเป็นอาหาร ในปัจจุบัน สำหรับประเทศไทย เชื่อว่าเหลือเพียงบริเวณเขตรักษาพันธุ์สัตว์ป่าคลองแสงและเขตรักษาพันธุ์สัตว์ป่าคลองยัน ซึ่งเป็นต้นแม่น้ำตาปี และบริเวณแม่น้ำ ที่อำเภอละงู จังหวัดสตูลเท่านั้น ส่วนทางภาคตะวันออกที่เคยชุกชุมในอดีต ไม่มีรายงานการพบอีกเลย อีกที่หนึ่งที่ได้เคยได้ชื่อว่ามีปลาตะพัดชุกชุมคือ บึงน้ำใส อำเภอรามัน จังหวัดยะลา ในอดีตเป็นแหล่งจับปลาตะพัดที่มีชื่อเสียงมาก จนมีชื่อปรากฏในคำขวัญประจำอำเภอ โดยชาว</span><a href=\"http://home.sanook.com/\" target=\"_blank\" title=\"บ้าน\"><span style=\"background-color:#E6E6FA\">บ้าน</span></a><span style=\"background-color:#E6E6FA\">จะเรียกปลาชนิดนี้ว่า &quot;กรือซอ&quot; แต่จากการจับอย่างมากในอดีต ทำให้ในปัจจุบัน ปริมาณปลาตะพัดลดน้อยลงจนแทบจะสูญพันธุ์</span></span></p>\r\n\r\n<hr />\r\n<p><br />\r\n&nbsp;</p>\r\n', 33, '29/05/2017 07:42:37', '');

-- --------------------------------------------------------

--
-- Table structure for table `webboard_comment`
--

CREATE TABLE `webboard_comment` (
  `id` int(5) UNSIGNED NOT NULL,
  `webboard_id` int(5) UNSIGNED NOT NULL,
  `commented_by` int(5) UNSIGNED NOT NULL,
  `detail` text,
  `date_create` varchar(19) NOT NULL,
  `date_modify` varchar(19) NOT NULL
) ENGINE=InnoDB DEFAULT CHARSET=utf8;

--
-- Dumping data for table `webboard_comment`
--

INSERT INTO `webboard_comment` (`id`, `webboard_id`, `commented_by`, `detail`, `date_create`, `date_modify`) VALUES
(2, 2, 1, 'เเสดงความเห็นได้ครับ', '28/05/2017 04:59:19', ''),
(4, 2, 2, 'เยี่ยมม', '28/05/2017 05:10:51', ''),
(5, 2, 1, 'งง', '28/05/2017 05:12:02', '');

--
-- Indexes for dumped tables
--

--
-- Indexes for table `compare`
--
ALTER TABLE `compare`
  ADD PRIMARY KEY (`id`);

--
-- Indexes for table `compare_comment`
--
ALTER TABLE `compare_comment`
  ADD PRIMARY KEY (`id`);

--
-- Indexes for table `compare_detail`
--
ALTER TABLE `compare_detail`
  ADD PRIMARY KEY (`id`);

--
-- Indexes for table `contact`
--
ALTER TABLE `contact`
  ADD PRIMARY KEY (`id`);

--
-- Indexes for table `container`
--
ALTER TABLE `container`
  ADD PRIMARY KEY (`id`);

--
-- Indexes for table `feed`
--
ALTER TABLE `feed`
  ADD PRIMARY KEY (`id`);

--
-- Indexes for table `fish`
--
ALTER TABLE `fish`
  ADD PRIMARY KEY (`id`);

--
-- Indexes for table `halo`
--
ALTER TABLE `halo`
  ADD PRIMARY KEY (`id`);

--
-- Indexes for table `living`
--
ALTER TABLE `living`
  ADD PRIMARY KEY (`id`);

--
-- Indexes for table `member`
--
ALTER TABLE `member`
  ADD PRIMARY KEY (`id`);

--
-- Indexes for table `nature`
--
ALTER TABLE `nature`
  ADD PRIMARY KEY (`id`);

--
-- Indexes for table `pool`
--
ALTER TABLE `pool`
  ADD PRIMARY KEY (`id`);

--
-- Indexes for table `webboard`
--
ALTER TABLE `webboard`
  ADD PRIMARY KEY (`id`);

--
-- Indexes for table `webboard_comment`
--
ALTER TABLE `webboard_comment`
  ADD PRIMARY KEY (`id`);

--
-- AUTO_INCREMENT for dumped tables
--

--
-- AUTO_INCREMENT for table `compare`
--
ALTER TABLE `compare`
  MODIFY `id` int(5) UNSIGNED NOT NULL AUTO_INCREMENT, AUTO_INCREMENT=27;
--
-- AUTO_INCREMENT for table `compare_comment`
--
ALTER TABLE `compare_comment`
  MODIFY `id` int(5) UNSIGNED NOT NULL AUTO_INCREMENT, AUTO_INCREMENT=7;
--
-- AUTO_INCREMENT for table `compare_detail`
--
ALTER TABLE `compare_detail`
  MODIFY `id` int(5) UNSIGNED NOT NULL AUTO_INCREMENT, AUTO_INCREMENT=29;
--
-- AUTO_INCREMENT for table `contact`
--
ALTER TABLE `contact`
  MODIFY `id` int(5) NOT NULL AUTO_INCREMENT, AUTO_INCREMENT=2;
--
-- AUTO_INCREMENT for table `container`
--
ALTER TABLE `container`
  MODIFY `id` int(5) UNSIGNED NOT NULL AUTO_INCREMENT, AUTO_INCREMENT=7;
--
-- AUTO_INCREMENT for table `feed`
--
ALTER TABLE `feed`
  MODIFY `id` int(5) UNSIGNED NOT NULL AUTO_INCREMENT, AUTO_INCREMENT=5;
--
-- AUTO_INCREMENT for table `fish`
--
ALTER TABLE `fish`
  MODIFY `id` int(5) UNSIGNED NOT NULL AUTO_INCREMENT, AUTO_INCREMENT=60;
--
-- AUTO_INCREMENT for table `halo`
--
ALTER TABLE `halo`
  MODIFY `id` int(6) NOT NULL AUTO_INCREMENT, AUTO_INCREMENT=3;
--
-- AUTO_INCREMENT for table `living`
--
ALTER TABLE `living`
  MODIFY `id` int(5) UNSIGNED NOT NULL AUTO_INCREMENT, AUTO_INCREMENT=5;
--
-- AUTO_INCREMENT for table `member`
--
ALTER TABLE `member`
  MODIFY `id` int(5) UNSIGNED NOT NULL AUTO_INCREMENT, AUTO_INCREMENT=8;
--
-- AUTO_INCREMENT for table `nature`
--
ALTER TABLE `nature`
  MODIFY `id` int(5) UNSIGNED NOT NULL AUTO_INCREMENT, AUTO_INCREMENT=6;
--
-- AUTO_INCREMENT for table `pool`
--
ALTER TABLE `pool`
  MODIFY `id` int(5) UNSIGNED NOT NULL AUTO_INCREMENT;
--
-- AUTO_INCREMENT for table `webboard`
--
ALTER TABLE `webboard`
  MODIFY `id` int(5) UNSIGNED NOT NULL AUTO_INCREMENT, AUTO_INCREMENT=7;
--
-- AUTO_INCREMENT for table `webboard_comment`
--
ALTER TABLE `webboard_comment`
  MODIFY `id` int(5) UNSIGNED NOT NULL AUTO_INCREMENT, AUTO_INCREMENT=6;COMMIT;

/*!40101 SET CHARACTER_SET_CLIENT=@OLD_CHARACTER_SET_CLIENT */;
/*!40101 SET CHARACTER_SET_RESULTS=@OLD_CHARACTER_SET_RESULTS */;
/*!40101 SET COLLATION_CONNECTION=@OLD_COLLATION_CONNECTION */;
